asset_name,date,shares_owned,transaction_type,transaction_price,transaction_quantity,total_value,purchase_date,purchase_price,profit_loss,shareholder_name
PYPL,16/07/2016,4446,Sell,1666.64,84994.14,757732.99,11/15/2023,1876.19,-140896900.5,Horizon Equity
TXN,25/12/2019,3475,Buy,6288.49,87521.48,603049.81,11/15/2017,683.49,-549774902,Summit Capital
ADBE,4/8/2018,2924,Sell,791.86,31676.92,238229.13,6/9/2020,9524.29,-24845456.74,Vista Ventures
IBM,26/02/2022,5249,Sell,5325.7,3869.98,710991.66,6/28/2024,40.93,-19899360.83,Acme Investments
GOOGL,25/08/2020,9195,Buy,7260.28,97901.38,50285.88,12/11/2018,8242.65,-710741145.3,Pinnacle Holdings
AAPL,25/02/2015,2281,Sell,2666.59,65025.31,347218.06,3/13/2019,8822.44,-173048623.3,Pinnacle Holdings
GOOGL,29/11/2021,2348,Buy,1047.23,49904.16,477458.44,8/20/2023,5724.83,-51783675.04,Vista Ventures
GOOGL,19/12/2015,9536,Sell,4833.93,93934.79,957459.82,4/7/2020,5897.75,-453116739.6,Acme Investments
AMD,7/2/2023,4010,Sell,1670.9,77932.35,349868.23,3/9/2015,7906.72,-129867295.4,Vista Ventures
NVDA,10/5/2022,3379,Sell,16.9,37134.84,964042.67,3/27/2024,8431.41,336463.874,Summit Capital
TSLA,29/05/2021,9460,Buy,1546.64,46339.14,413751.06,2/21/2024,1879.31,-71256216.43,Summit Capital
AMD,15/10/2018,844,Sell,359.37,7280.51,341654.81,1/11/2022,6399.96,-2274742.069,Acme Investments
ADBE,24/02/2018,4036,Buy,7701.67,85592.97,922063.76,12/21/2016,9482.17,-658286745.5,Summit Capital
NVDA,17/11/2022,6384,Buy,1332.49,66721.95,773855.43,2/15/2020,460.87,-88132475.73,Vista Ventures
CRM,23/11/2022,4334,Sell,5441.31,66291.9,123673.1,2/7/2022,2801.71,-360591105.3,Acme Investments
ADBE,14/09/2023,6284,Buy,6206.63,30600.75,639662.43,2/23/2017,556.63,-189287870.5,Pinnacle Holdings
TXN,1/12/2022,2523,Sell,3334.73,40117.78,376399.86,12/9/2016,1472.72,-133405564.6,Pinnacle Holdings
NVDA,5/6/2023,3968,Buy,2412.09,37093.7,178400.16,1/12/2019,6829.09,-89294942.67,Pinnacle Holdings
AMD,18/08/2015,4368,Buy,8664.61,85838.71,895127.05,3/29/2023,703.18,-742863818,Acme Investments
SNAP,4/9/2016,3190,Buy,5360.01,91816.52,722305.52,12/19/2017,3772.01,-491415159.8,Vista Ventures
NVDA,26/07/2022,3924,Sell,4799.07,90090.2,995800.44,12/13/2022,9154.89,-431353375.7,Vista Ventures
AMZN,22/12/2017,9522,Buy,947.73,65351.75,781928.52,10/22/2022,1600.71,-61153885.51,Horizon Equity
GOOGL,27/04/2015,211,Sell,5119.23,30900.99,91171.94,9/10/2022,2922.83,-158098103.1,Summit Capital
INTC,30/03/2019,4904,Sell,1483.39,40146.27,601682.45,12/12/2016,3987.26,-58950893.01,Summit Capital
INTC,15/07/2024,6505,Buy,3335.04,52774.62,724492.78,10/4/2015,5563.49,-175280975.9,Pinnacle Holdings
FB,4/8/2016,7292,Buy,7269.46,64891.21,703936.4,6/26/2020,3939.09,-471020119,Summit Capital
AMD,23/04/2023,5949,Buy,976.66,24307.87,222576.66,10/26/2019,2320.11,-23517947.65,Summit Capital
MSFT,21/05/2019,5267,Buy,966.5,44579.66,29468.3,10/10/2023,3023.71,-43056773.09,Acme Investments
QCOM,2/2/2018,5535,Buy,8601.81,70022.03,55954.62,9/30/2017,2262.93,-602260243.3,Vista Ventures
TXN,30/11/2018,3267,Buy,4958.28,60048.88,278817.23,12/31/2015,7967.64,-297460343.5,Acme Investments
SNAP,23/01/2015,6491,Sell,5794.17,47755.44,322828.27,6/16/2021,2365.21,-276380309.5,Horizon Equity
FB,23/07/2022,3605,Sell,8556.74,56320.42,262828.93,7/31/2024,1144.33,-481656361.7,Horizon Equity
AAPL,20/08/2021,6883,Buy,7394.35,55771.72,127239.77,2/26/2017,2342.33,-412268378,Acme Investments
AVGO,13/09/2016,4935,Sell,1584.55,9350.15,603393.06,4/30/2015,5612.35,-14212387.12,Acme Investments
NVDA,29/08/2022,5489,Buy,756.3,6804.51,731290.32,11/22/2024,6190.31,-4414960.593,Acme Investments
AMZN,7/3/2019,3560,Sell,5123.04,55705.65,113885.64,4/22/2023,9233.09,-285268387.5,Summit Capital
SNAP,31/12/2022,812,Buy,1286.49,87610.88,753656.72,3/25/2015,2609.88,-111956864.3,Summit Capital
IBM,23/08/2023,9544,Buy,2297.21,78559.58,941619.01,4/19/2023,4979.57,-179526233.8,Pinnacle Holdings
AAPL,6/12/2023,507,Buy,9827.31,71520.01,478640.91,6/11/2022,9130.69,-702370668.6,Pinnacle Holdings
AVGO,8/7/2024,6262,Buy,2873.21,63451.36,479068.13,11/15/2022,5693.19,-181830013.9,Horizon Equity
AMZN,11/1/2017,8454,Buy,4126.43,47047.18,73129.28,5/25/2018,6686,-194063765.7,Vista Ventures
AVGO,21/11/2023,6138,Sell,24.36,75781.2,299811.19,2/28/2022,6777.81,-1546218.842,Horizon Equity
FB,26/09/2023,486,Sell,2753.34,10325.73,568182.86,12/19/2020,2991.69,-27862062.58,Pinnacle Holdings
FB,21/05/2017,9711,Sell,7822.67,83438.05,467844.21,3/28/2022,7697.26,-652240486.4,Summit Capital
PYPL,31/07/2018,4912,Sell,5866.7,72388.71,386116.59,8/3/2024,8985.39,-424296728.4,Pinnacle Holdings
GOOGL,4/2/2018,5332,Buy,6978.75,27197.05,251416.57,12/30/2022,1893.72,-189549996.1,Pinnacle Holdings
FB,5/1/2017,7774,Sell,4627.72,33088.07,779833.34,3/19/2022,1087.48,-152342490,Acme Investments
AMZN,24/01/2017,3976,Buy,4724.17,60260.88,79648.39,8/3/2018,3557.9,-284602993.1,Vista Ventures
FB,16/10/2019,1136,Sell,1120.37,27189.49,763706.73,6/8/2019,4364.52,-29698582.18,Horizon Equity
AVGO,15/06/2019,3125,Sell,8423.66,84119.74,308766.83,5/18/2017,6667.97,-708287322.2,Pinnacle Holdings
QCOM,2/4/2015,3023,Sell,8277.34,50397.2,872663.32,4/8/2021,3227.61,-416282096.1,Acme Investments
ADBE,4/6/2020,6707,Buy,7850.3,54990.9,172307.02,7/25/2021,2514.71,-431522755.3,Summit Capital
AVGO,15/02/2021,7643,Sell,6775.85,72738.8,85793.44,11/1/2020,5478.1,-492781404.5,Acme Investments
AAPL,6/9/2020,4030,Sell,4201.27,7010.67,14028.8,4/8/2015,1940.99,-29439688.75,Vista Ventures
MSFT,9/5/2022,3916,Buy,5797.73,48890.01,752322.14,3/10/2022,4970.9,-282698755.5,Horizon Equity
TSLA,22/12/2021,3682,Sell,7704.09,67711.14,362978.99,9/22/2022,4378.83,-521289737.6,Acme Investments
TSLA,5/2/2024,4174,Sell,1196.51,84755.22,322305.09,3/25/2019,9044.58,-101088163.2,Summit Capital
FB,14/10/2015,6636,Sell,171.91,89052.91,272928.35,5/7/2015,8640.78,-15036157.41,Summit Capital
AAPL,5/9/2022,5636,Sell,2694.2,33989.44,649188.76,4/24/2022,7875.13,-90925160.49,Pinnacle Holdings
NFLX,9/8/2022,8539,Buy,6354.07,70578.3,600052.05,11/28/2021,3407.89,-447859406.6,Horizon Equity
CSCO,18/02/2021,7363,Sell,8084.3,674.83,383906.93,1/24/2015,1822.58,-5071621.239,Summit Capital
CRM,17/02/2017,9597,Sell,6059.79,76338.13,644810.42,5/15/2016,7303.24,-461948226.4,Pinnacle Holdings
FB,31/07/2023,3095,Sell,376.7,56070.9,453961.96,7/22/2017,9074.91,-20667946.07,Acme Investments
CSCO,10/7/2023,779,Sell,7948.57,31246.55,675595.87,6/23/2016,4044.25,-247689794.1,Horizon Equity
MSFT,26/09/2022,8361,Sell,7044.48,82017.58,712670.55,12/27/2020,2708.9,-577058531.4,Acme Investments
TSLA,9/4/2016,7727,Buy,1974.69,87801.31,557788.48,2/9/2021,1313.43,-172822580.4,Pinnacle Holdings
CRM,12/11/2016,315,Sell,7193.07,60097.62,688794.77,7/13/2015,1133.01,-431597592.7,Summit Capital
MSFT,30/01/2019,9479,Buy,5897.99,21922.81,281861.53,5/11/2024,9377.46,-129018652.6,Vista Ventures
IBM,26/04/2017,4019,Sell,1992.12,72864.39,281487.08,11/5/2022,2307.42,-144873121.5,Acme Investments
QCOM,30/12/2018,4674,Sell,4096.7,31620.83,826856.26,3/29/2018,9375.53,-128714198,Summit Capital
IBM,11/1/2023,1071,Sell,8552.88,69780.25,751867.62,12/30/2019,9922.6,-596070237,Horizon Equity
MU,29/03/2024,2301,Sell,4921.86,91517.24,922760.85,9/1/2017,4914.13,-449512282,Summit Capital
TSLA,28/11/2016,529,Buy,9367.09,77079.59,921802.98,7/2/2015,5035.63,-721089653.7,Summit Capital
AMD,27/01/2019,6756,Buy,6636.98,18346.41,227878.91,3/5/2015,8050.97,-121536877.3,Pinnacle Holdings
AMD,29/05/2016,5787,Buy,9062.22,70025.46,367661,6/20/2023,6353.05,-634218463.1,Acme Investments
QCOM,12/1/2020,4804,Buy,3408.78,64139.35,588902.01,8/17/2017,4906.9,-218048031.5,Summit Capital
AVGO,27/07/2016,4467,Buy,4020.51,76288.41,329087.74,3/10/2015,474.34,-306389227.5,Pinnacle Holdings
NVDA,23/06/2022,9629,Sell,7125.48,58122.34,370275.01,12/2/2015,8236.88,-413779296.2,Acme Investments
NVDA,18/02/2017,7305,Buy,4121.7,13289.96,785313.04,10/11/2015,3822.67,-53991915.09,Summit Capital
QCOM,20/08/2023,476,Sell,4733.15,66051,320221.61,5/28/2016,3333.16,-312309069,Acme Investments
ORCL,22/01/2021,4999,Sell,2925.85,93412.93,61986.88,6/15/2021,9394.75,-273250234.4,Summit Capital
FB,17/06/2022,8834,Buy,1894.52,52178.38,296870.49,9/30/2019,824.75,-98556113.99,Acme Investments
AMD,13/07/2018,9271,Sell,2463.16,59026.5,847855.01,5/26/2015,7182.05,-144543858.7,Vista Ventures
NVDA,17/05/2020,8479,Buy,2692.13,10780.08,401598.81,1/15/2016,7574,-28619777.96,Summit Capital
CRM,28/10/2018,2102,Buy,5967.47,64682.61,605900.28,4/28/2023,8920.42,-385385634.4,Horizon Equity
GOOGL,9/5/2018,1594,Sell,1563.39,39279.75,515253.11,7/22/2015,2448.7,-60894315.24,Acme Investments
PYPL,9/9/2017,8505,Sell,5116.11,91062.69,206639.55,5/19/2023,8809.79,-465680099.4,Pinnacle Holdings
NFLX,27/11/2018,316,Sell,9912.84,64054.7,48219.27,10/16/2024,3166.39,-634915773.1,Acme Investments
NFLX,30/04/2016,850,Sell,9456.35,59202.31,796771.06,10/1/2015,6846.77,-559040993.1,Summit Capital
SNAP,14/07/2021,1226,Buy,9840.1,57333.54,769919.83,7/17/2017,6147.01,-563397847.1,Horizon Equity
AAPL,18/04/2018,2110,Sell,5722.75,33248.89,68190.35,6/11/2018,3407.09,-190206894.9,Vista Ventures
GOOGL,19/08/2019,4850,Sell,641.24,73153.68,750182.35,2/24/2017,6944.68,-46158883.41,Vista Ventures
TSLA,19/11/2023,880,Buy,646.31,54857.93,721032.94,9/13/2016,3281.7,-34734195.8,Acme Investments
PYPL,28/05/2018,9368,Buy,1678.75,53748.52,183729.35,3/13/2023,1196.73,-90046598.6,Summit Capital
TXN,30/04/2020,2375,Sell,9036.89,36133.27,414236.59,10/28/2015,9827.73,-326118149.7,Acme Investments
CRM,6/8/2018,4863,Sell,706.35,95632.23,612786.02,7/22/2021,5674.56,-66937039.64,Acme Investments
INTC,13/02/2022,3783,Sell,4273.78,35795.97,837843.13,8/5/2019,3813.37,-152146257.5,Acme Investments
QCOM,8/10/2018,5266,Buy,4840.22,12358.87,509868.31,12/21/2023,2779.01,-59309781.44,Pinnacle Holdings
AAPL,28/09/2020,1014,Buy,4911.42,59878.56,304596.76,12/23/2018,7044.48,-293784160.4,Pinnacle Holdings
SNAP,6/11/2015,523,Sell,8952.73,13686.07,130083.36,8/28/2020,8397.07,-122397606.1,Vista Ventures
SNAP,31/05/2015,3473,Sell,9215.47,86853.77,9762.39,6/4/2022,8587.41,-800388549.4,Summit Capital
CSCO,28/07/2019,5518,Buy,3471.38,80381.08,437526.14,10/23/2020,7931.47,-278595747.4,Vista Ventures
IBM,25/10/2018,5018,Sell,7055.98,45388.29,77259.05,6/22/2019,5050.83,-320181607.4,Summit Capital
AMD,15/03/2022,6740,Sell,5098.42,47073.51,23107.51,11/17/2019,4003.91,-239977417.3,Pinnacle Holdings
ORCL,21/09/2023,6859,Sell,5815.94,81445.28,41233.74,2/23/2022,4316.56,-473639628,Summit Capital
INTC,22/12/2017,8767,Sell,7219.96,56204.01,368027.12,3/1/2020,6474.11,-405422676.9,Summit Capital
NVDA,4/3/2016,7957,Buy,5927.29,66225.84,394167.78,8/20/2024,1776.9,-392145591.4,Summit Capital
CRM,23/02/2023,85,Sell,1075.79,9912.37,423452.51,4/8/2019,5883.34,-10240176.01,Vista Ventures
AMZN,22/03/2021,7479,Sell,4710.43,97140.24,821141.26,7/10/2021,283.46,-456751159.4,Horizon Equity
SNAP,26/11/2022,3094,Sell,1617.88,1320.25,932514.96,3/17/2019,4639.32,-1203491.11,Vista Ventures
INTC,7/11/2021,204,Sell,2760.66,41722.45,524277.47,10/20/2016,9683.3,-114657221.3,Vista Ventures
MSFT,1/3/2015,2436,Buy,9022.05,78384.57,324048.49,4/19/2020,6847.97,-706865461.3,Summit Capital
ADBE,19/03/2017,2207,Buy,4918.52,46581.67,52063.26,4/11/2018,4099.06,-229060812.3,Horizon Equity
CRM,7/1/2022,8480,Sell,6313.65,57762.78,798944.15,9/5/2018,8568.13,-363895031.8,Horizon Equity
MU,18/09/2022,8051,Sell,7897.98,56290.79,572609.7,12/27/2022,9834.15,-444010923.9,Vista Ventures
AAPL,19/11/2018,8229,Buy,7311.45,71370.98,715133.51,10/14/2015,4106.03,-521110218.2,Horizon Equity
NVDA,27/09/2019,5800,Buy,3874.02,27848.38,296343.77,5/2/2019,7915.76,-107588837.3,Pinnacle Holdings
TXN,2/4/2021,5512,Buy,9066.48,46373.05,146094.05,7/12/2015,502.59,-420294236.3,Horizon Equity
TSLA,12/7/2019,1831,Sell,950.26,70201.06,592163.57,2/24/2023,3195.08,-66117095.71,Vista Ventures
AVGO,22/08/2019,6582,Sell,680.86,77634.86,830830.63,11/28/2020,5498.27,-52027640.15,Vista Ventures
ORCL,11/1/2015,995,Sell,8057.02,53658.6,623323.29,11/18/2018,6597.04,-431705090.1,Vista Ventures
CSCO,14/06/2022,2489,Buy,6366.71,16182.49,78973.77,10/11/2017,3119.96,-102950247.1,Summit Capital
NFLX,4/1/2018,6148,Sell,2291.79,40984.69,549995.52,9/9/2023,7781.86,-93378307.18,Summit Capital
MU,8/2/2021,9381,Sell,3803.07,54649.62,302757.45,8/22/2019,8691.7,-207533572.9,Summit Capital
NFLX,8/8/2021,59,Buy,9866.6,25388.73,775952.2,10/8/2021,6632.24,-249724491.2,Pinnacle Holdings
NVDA,28/11/2023,5780,Sell,6450.5,85175.92,896606.93,7/21/2020,7059.39,-548530665,Horizon Equity
MU,17/10/2018,3721,Sell,2541.42,73636.93,533674.37,8/25/2019,6699.8,-186608692.3,Vista Ventures
FB,4/5/2024,4665,Sell,4924.8,31521.69,616497.13,4/5/2018,6109.71,-154621521.8,Vista Ventures
MU,7/9/2022,8093,Buy,4906.9,34502.71,543163.29,8/24/2017,4840.41,-168758184.4,Acme Investments
FB,18/08/2019,3980,Buy,9395.05,23772.74,2643.61,1/23/2016,2112.85,-223343437.3,Vista Ventures
AMZN,7/4/2023,1066,Sell,4494.49,68082.81,110961.72,4/17/2022,814.16,-305886547,Horizon Equity
NVDA,29/04/2016,6617,Sell,9859.23,54445.88,182449.56,7/26/2018,6875.54,-536612003.9,Vista Ventures
ORCL,27/03/2016,9793,Sell,9585.34,89229.64,457993.14,10/21/2024,5540.54,-854838444.3,Pinnacle Holdings
CRM,17/06/2022,478,Sell,8313.88,5213.31,122215.85,3/6/2024,5292.11,-43220617.89,Summit Capital
TXN,24/09/2016,2291,Sell,1301.27,40201.72,166682.15,9/19/2022,6651.82,-52146610.03,Vista Ventures
FB,27/06/2016,729,Sell,86.52,52273.36,339540.39,5/18/2024,7959.88,-4183150.717,Pinnacle Holdings
PYPL,23/03/2020,186,Buy,2238.53,43795.33,583916.73,11/9/2022,4464.34,-97453243.33,Summit Capital
AVGO,19/09/2017,454,Buy,9961.41,13357.88,580624.75,7/24/2022,2730.54,-132482694.7,Pinnacle Holdings
QCOM,6/1/2015,5579,Sell,8907.63,86972.22,887291.96,8/31/2019,1751.46,-773829064.1,Horizon Equity
CRM,13/09/2022,759,Sell,9994.34,41387.53,72308.86,3/22/2017,2748.04,-413568737.7,Horizon Equity
TXN,25/10/2023,7958,Buy,1449.88,30349.64,188021.39,2/3/2015,6016.9,-43815314.65,Vista Ventures
INTC,9/9/2015,2300,Sell,6956.76,33022.34,708516.11,7/17/2017,2399.44,-229019977.9,Vista Ventures
CSCO,20/07/2024,8700,Sell,45.06,72609.58,897736.98,3/29/2016,3693.78,-2374050.695,Pinnacle Holdings
TSLA,27/02/2023,8483,Buy,3767.38,94085.79,486364.39,9/18/2019,218.02,-353970559.1,Summit Capital
AAPL,5/5/2018,1005,Sell,7966.71,31828.56,247654.6,8/25/2017,6956.71,-253321252.6,Summit Capital
NFLX,28/09/2016,2051,Buy,8318,29704.66,254204.99,1/11/2016,6823.64,-246829156.9,Horizon Equity
AMZN,4/7/2022,5715,Sell,9694.27,67055.89,836896.87,7/17/2017,9075.29,-649221005.9,Vista Ventures
CSCO,26/06/2022,5967,Sell,6833.45,48249.19,263104.14,9/19/2024,3754.3,-329445323.3,Horizon Equity
INTC,25/02/2016,9908,Buy,683.95,89064.33,608969.83,2/10/2017,4813.99,-60306578.67,Horizon Equity
AAPL,22/02/2021,922,Sell,6450.43,90991.74,827002.36,10/25/2023,5163.9,-586108847.1,Vista Ventures
ADBE,20/11/2016,6550,Sell,4472.81,85588.25,82636.83,12/4/2019,5799.18,-382737343.7,Vista Ventures
AMD,25/11/2019,3601,Buy,5635.14,17428.44,447722.63,6/3/2024,4414.23,-97763976.75,Horizon Equity
FB,18/08/2022,5256,Buy,4818.42,49020.14,666844.63,10/26/2023,6829.53,-235532778.3,Horizon Equity
MSFT,2/9/2016,3661,Buy,3768.67,52742.45,330066.7,2/27/2022,5757.2,-198438822.3,Horizon Equity
ADBE,11/7/2016,4629,Sell,6624.16,6636.77,630133.97,6/20/2021,1248.73,-43332892.39,Summit Capital
NFLX,29/08/2016,5020,Sell,5087.04,84085.21,920727.81,6/20/2021,3789.47,-426824098.9,Horizon Equity
AAPL,7/10/2023,5284,Sell,3796.9,39319.88,194683.44,6/2/2016,437.69,-149098968.9,Acme Investments
ADBE,22/06/2020,9644,Buy,9602.15,72826.26,106686.48,9/22/2022,6336.29,-699181986,Acme Investments
CRM,30/07/2024,3288,Buy,4367.19,24482.46,384004.22,8/24/2018,5857.42,-106535550.3,Summit Capital
NFLX,2/3/2021,166,Sell,3076.27,7519.13,565345.38,9/3/2018,2204.77,-22565528.67,Acme Investments
TXN,25/03/2015,8374,Buy,1030.77,71020.57,464065.1,5/21/2021,5362.13,-72741807.84,Pinnacle Holdings
TXN,3/1/2020,5512,Sell,3586.6,96433.88,619743.84,8/26/2024,9702.7,-345250010.2,Horizon Equity
MSFT,2/2/2019,4052,Sell,6123.52,62399.37,972530.54,12/18/2016,8859.85,-381131259.6,Horizon Equity
TXN,26/06/2017,3111,Sell,6911.13,77122.61,811006.6,1/2/2016,4258.76,-532193377,Horizon Equity
GOOGL,31/07/2019,3394,Sell,7067.78,70320.42,485943.91,3/7/2024,6460.43,-496523314.2,Horizon Equity
AMZN,12/11/2023,9199,Sell,6344.9,91233.33,637262.69,5/31/2023,8128.35,-578229092.8,Horizon Equity
SNAP,19/12/2016,7496,Buy,1906.52,43764.17,782056,4/22/2024,5054.25,-82655209.39,Summit Capital
ORCL,9/1/2022,9311,Buy,4059.29,93063.67,671404.76,4/2/2019,8752.62,-377101020.2,Acme Investments
TXN,2/3/2023,9451,Buy,7680.12,26130.88,646536.54,3/12/2024,3593.76,-200041757.6,Acme Investments
IBM,13/09/2021,8340,Sell,5465.8,14820.09,117650.3,11/24/2018,3714.93,-80885997.62,Acme Investments
NVDA,20/02/2024,5230,Sell,9859.59,39130.51,576697.4,5/22/2018,292.21,-385234087.7,Horizon Equity
AMD,5/12/2019,3113,Buy,2306.19,78945.77,81040.41,6/12/2015,5266.63,-181982904.9,Horizon Equity
INTC,12/4/2019,8691,Buy,4973.83,3913.1,977376.96,1/3/2020,4339.37,-18485717.21,Pinnacle Holdings
CSCO,6/2/2021,9910,Buy,6684.55,29395.29,228090.68,4/29/2021,2037.06,-196266195.1,Acme Investments
GOOGL,5/2/2016,5123,Buy,4751.05,75748.69,851243.27,9/24/2023,6952.63,-359034570.4,Horizon Equity
SNAP,4/10/2019,5910,Sell,6210.89,68638.29,325290.64,3/2/2016,4353.15,-425979578.3,Acme Investments
IBM,2/3/2018,2432,Sell,2942.84,36924.11,726170.21,7/2/2020,4376.48,-107935577.7,Summit Capital
FB,24/03/2015,7802,Sell,9510.07,16313.61,973283.8,9/1/2021,1768.89,-154170289.3,Summit Capital
NVDA,16/02/2017,6415,Sell,1491.63,41511.75,671135,3/10/2015,2593.47,-61249036.65,Pinnacle Holdings
AMZN,25/10/2015,9484,Sell,6912.89,8321.03,799293.45,6/11/2018,9273.4,-56723071.63,Summit Capital
CRM,31/10/2017,1720,Buy,9395.73,76832.55,837975.18,9/19/2020,1313.96,-721059919.8,Acme Investments
NVDA,2/12/2017,3303,Buy,4009.64,15461.98,851846.85,1/19/2018,2210.54,-61145126.64,Vista Ventures
TSLA,23/01/2024,3966,Sell,9632.01,50844.31,939517.56,5/16/2022,7915.34,-488793384.8,Horizon Equity
TSLA,19/02/2015,6720,Sell,5532.64,78335.56,357559.16,4/29/2016,2815.04,-433044893.5,Acme Investments
ORCL,26/06/2020,463,Sell,43.84,79625.35,690785.24,9/21/2017,7354.52,-2799990.104,Pinnacle Holdings
TXN,1/10/2021,831,Buy,7575.53,6708.46,211043.12,11/25/2023,2164.77,-50609096.86,Summit Capital
TSLA,10/1/2020,2655,Sell,2764.99,57462.16,516660.9,4/9/2021,2169.35,-158365636.9,Vista Ventures
AAPL,8/9/2019,5200,Sell,4254.28,15031.96,612868.09,12/20/2017,3094.65,-63337298.7,Horizon Equity
ORCL,21/04/2020,5273,Sell,5374.85,45320.53,200012.48,5/9/2017,6793.19,-243391038.2,Pinnacle Holdings
PYPL,23/01/2023,7544,Sell,6043.79,92437.61,889245.84,1/19/2017,6897.33,-557784257.1,Pinnacle Holdings
ORCL,2/6/2021,4670,Sell,4569.97,46509.23,432967.12,5/27/2022,9973.12,-212112818.7,Acme Investments
ADBE,4/1/2017,6082,Buy,1370.65,50986.86,268936.24,6/13/2016,9428.68,-69616203.42,Summit Capital
AMD,7/4/2015,2240,Buy,1276,40158.51,928528.1,12/23/2016,8298.16,-50313730.66,Vista Ventures
FB,14/03/2019,278,Sell,486.63,24854.55,334528.6,6/12/2019,4387.57,-11760441.07,Pinnacle Holdings
MSFT,14/06/2020,5495,Buy,3460.54,69788.21,306878.01,8/10/2016,3883.49,-241198014.2,Vista Ventures
TXN,2/1/2021,1570,Sell,3078.84,44182.46,391475.84,7/11/2024,5572.66,-135639249.3,Acme Investments
FB,3/11/2019,1682,Sell,278.88,9111.36,415741.77,1/30/2020,6988.21,-2125234.307,Pinnacle Holdings
AMZN,11/8/2020,5609,Buy,1275.99,32248.98,230398.88,2/13/2015,7746.89,-40918977.11,Pinnacle Holdings
CRM,17/12/2020,6544,Sell,4458.02,99921.62,393938.85,12/18/2023,5184.34,-445058641.5,Acme Investments
QCOM,9/11/2022,9977,Sell,7300.73,74602.96,322652.63,11/23/2019,4555.17,-544333415.5,Vista Ventures
TSLA,18/07/2023,8900,Sell,3254.87,32704.21,752366.54,10/6/2020,3913.05,-105695585.5,Horizon Equity
NVDA,11/9/2023,6226,Sell,4136.28,14545.14,489267.42,12/28/2019,3668.53,-59673504.26,Pinnacle Holdings
IBM,19/10/2019,4943,Buy,7307.56,94431.57,709023.12,5/28/2016,2645.4,-689355340.5,Acme Investments
NFLX,27/04/2023,8252,Sell,1764.55,4946.93,382756.2,12/7/2017,5081.91,-8346349.132,Pinnacle Holdings
MU,9/2/2019,3934,Buy,3275.82,11857.39,992136.3,7/19/2020,9765.05,-37850539.01,Pinnacle Holdings
GOOGL,17/01/2017,9118,Sell,6942.07,16242.8,289192.56,10/13/2023,3020.84,-112469462,Pinnacle Holdings
GOOGL,13/04/2016,1919,Sell,5903.08,8484.03,389672.54,10/21/2019,4138.96,-49692235.27,Vista Ventures
NVDA,1/12/2019,1722,Sell,7032.24,73272.88,207294.48,9/10/2019,6656.51,-515065183.2,Horizon Equity
CRM,12/2/2017,6014,Sell,1452,19864.98,948731.34,8/9/2024,419.48,-27895219.62,Acme Investments
GOOGL,8/12/2021,4825,Sell,1886.05,59106.33,432805.24,4/5/2018,3357.08,-111044688.5,Pinnacle Holdings
INTC,20/05/2022,6578,Sell,6455.02,42377.35,603311.04,7/16/2017,6922.19,-272943330.8,Acme Investments
PYPL,25/05/2022,6430,Sell,9813.26,37189.49,451901.05,10/18/2018,4237.66,-364498233.6,Acme Investments
PYPL,17/10/2015,7006,Sell,3366.96,65725.84,15754.94,4/30/2015,3372.62,-221280519.3,Vista Ventures
AAPL,5/4/2021,3095,Buy,8907.29,87322.65,342807.06,8/10/2018,3237.31,-777465360.1,Vista Ventures
IBM,30/10/2017,9741,Buy,3696.93,85466.76,455323.65,5/1/2018,1293.69,-315509305.4,Horizon Equity
NVDA,18/09/2022,5466,Buy,5276.52,71859.43,923754.81,5/20/2018,9926.51,-378243964.8,Summit Capital
CSCO,16/07/2017,5774,Sell,7694.13,2279.82,931774.27,10/19/2023,3682.07,-16609457.19,Acme Investments
AMD,24/02/2019,5017,Buy,3074.48,29443.68,498728.02,7/8/2017,8176.96,-90025277.27,Vista Ventures
TSLA,30/04/2023,5421,Buy,3951.48,98277.89,141615.51,11/10/2022,9563.21,-388201501.3,Pinnacle Holdings
TSLA,4/2/2022,4295,Sell,7380.41,48786.92,744701.85,9/20/2017,1495.15,-359322770.4,Acme Investments
INTC,27/08/2018,9858,Sell,4528.32,97942.69,960460.96,9/3/2018,5244.99,-442555381,Vista Ventures
NVDA,27/02/2016,5096,Buy,1976.26,22219.38,328242.65,11/24/2023,7299.15,-43583029.27,Summit Capital
TXN,28/03/2023,4103,Buy,3094.99,11808.76,442197.19,3/19/2015,9697.44,-36105796.92,Vista Ventures
QCOM,10/4/2016,1228,Sell,2690.75,22620.06,368607.84,9/28/2023,2586.31,-60496318.61,Horizon Equity
ORCL,24/07/2022,5486,Buy,508.16,88445.62,74564.18,10/24/2017,2661.52,-44869962.08,Pinnacle Holdings
ADBE,3/2/2023,6336,Buy,4731,28186.69,504188.9,1/27/2021,1102.68,-132847041.5,Pinnacle Holdings
TXN,10/4/2017,8030,Buy,4934.96,27053.35,931738.93,5/19/2024,8429.78,-132575461.2,Acme Investments
AMD,18/10/2021,9963,Sell,1970.36,1101.22,354210.38,1/10/2022,9885.42,-1815589.459,Acme Investments
AMD,11/2/2018,8650,Sell,75.15,6438.37,483115.01,3/3/2024,8532.85,-728.4955,Vista Ventures
CRM,9/9/2017,8708,Sell,8616.17,85012.94,641891.58,8/14/2018,2958.5,-731844051.7,Horizon Equity
TSLA,23/06/2022,7214,Sell,3416.86,36511.91,548767.05,6/17/2015,3723.18,-124207317.8,Acme Investments
AMD,25/05/2017,5253,Buy,8029.68,96582.41,47769.39,10/17/2023,7960.15,-775478076.5,Vista Ventures
NFLX,29/10/2024,7548,Sell,4965.22,80374.81,472919.18,4/22/2016,124.47,-398605694.9,Summit Capital
GOOGL,16/06/2015,7042,Sell,9699.57,20853.45,429752.6,3/19/2022,4919.7,-201839745.4,Pinnacle Holdings
IBM,23/10/2017,3340,Buy,6219.74,50360.95,707508.76,7/8/2015,3633.45,-312524506.4,Pinnacle Holdings
MU,28/07/2023,5514,Sell,4517.3,62130.89,155310.49,9/20/2015,5040.42,-280508558.9,Vista Ventures
TXN,14/08/2019,5532,Buy,1102.2,49026.12,993461.43,3/4/2015,4134.74,-53043128.03,Summit Capital
AAPL,24/02/2015,4981,Sell,2646.42,32862.17,118385.05,2/11/2015,7497.72,-86848718.88,Pinnacle Holdings
MSFT,15/01/2020,3904,Buy,2104.49,92655.41,427892.5,3/18/2017,8775.03,-194564491.3,Pinnacle Holdings
ADBE,26/10/2021,453,Sell,4300.77,99521.48,303832.41,7/7/2019,5178.88,-427715163.1,Acme Investments
AMD,20/11/2019,8091,Sell,98.06,5264.16,782925.97,9/14/2022,2802.79,266722.4404,Horizon Equity
TSLA,4/12/2017,7175,Buy,8230.95,8720.62,912181.99,10/26/2020,1283.02,-70866805.2,Acme Investments
GOOGL,10/4/2022,2604,Buy,2538.12,5356.88,871867.45,3/3/2016,1616.19,-12724536.82,Pinnacle Holdings
GOOGL,21/04/2021,2098,Sell,9123.08,96161.76,66918.37,11/12/2023,2625.71,-877224511.1,Acme Investments
NFLX,16/10/2023,2077,Sell,1947.99,25336.95,332889.99,2/6/2016,3035.35,-49023235.24,Pinnacle Holdings
MSFT,9/7/2021,620,Sell,9331.59,97577.39,820285.83,6/22/2017,7021.15,-909731910.9,Horizon Equity
AAPL,16/10/2023,2537,Sell,7009.49,59766.64,162061.34,6/23/2022,5000.25,-418771604.1,Summit Capital
INTC,11/10/2018,9325,Buy,2033.14,95044.51,483603.28,12/22/2020,5158.62,-192755191.8,Acme Investments
TSLA,6/9/2022,2317,Sell,3270.87,53834.16,332931.49,3/11/2016,5264.42,-175751607.4,Summit Capital
AMD,9/8/2020,890,Buy,7874.44,92787.19,963797.92,5/24/2016,5220.54,-729683362.5,Vista Ventures
TXN,16/12/2017,9255,Sell,2948.17,13391.94,102267.06,7/7/2021,8118.22,-39379448.69,Pinnacle Holdings
NFLX,22/08/2019,7496,Buy,3190.36,75674.05,819921.6,4/5/2021,4250.22,-240607540.6,Acme Investments
AAPL,18/03/2016,1568,Buy,3528.02,81094.63,230181.43,7/8/2022,2323.48,-285873295.1,Acme Investments
MSFT,24/08/2018,6791,Sell,6514.84,65204.14,637640.29,12/22/2017,9700.43,-424156899.1,Vista Ventures
AMZN,28/07/2022,8538,Sell,497.8,4418.71,134542.6,10/24/2021,1659.86,-2065091.238,Vista Ventures
SNAP,17/11/2020,9762,Sell,5797.59,12758.72,314158.88,10/1/2019,2637.76,-73655668.6,Summit Capital
AAPL,18/01/2024,854,Sell,7231.83,37049.67,800778.93,7/3/2020,2682.88,-267136136.1,Vista Ventures
QCOM,29/09/2020,7020,Buy,4048.64,57811.98,30575.83,5/6/2022,4273.45,-234029318.9,Horizon Equity
INTC,15/11/2024,6115,Sell,3155.76,9653.62,687240.03,2/25/2024,5914.19,-29777267.82,Summit Capital
NVDA,18/07/2023,5018,Buy,8462.2,2514.19,617830.17,3/14/2023,6351.16,-20657748.45,Summit Capital
CSCO,7/1/2024,501,Sell,5968.56,41708.58,545682.5,6/16/2015,1035.2,-248394479.7,Horizon Equity
CRM,12/7/2017,7012,Sell,7734.56,49095.52,34173.36,9/27/2021,2676.31,-379698071.8,Summit Capital
CRM,20/11/2017,7891,Buy,8609.76,92988.85,421752.42,8/3/2024,8233.5,-800189928.8,Acme Investments
MU,27/12/2021,3195,Buy,9731.77,77969.49,734244.64,3/18/2017,1218.82,-758046899.1,Horizon Equity
TSLA,16/03/2017,7153,Sell,4063.14,22217.93,489443.78,4/1/2018,1387.83,-89785116.32,Pinnacle Holdings
IBM,1/11/2018,9730,Sell,1725.11,74555.53,189503.05,4/9/2024,3253.86,-128426987.3,Pinnacle Holdings
GOOGL,1/6/2022,1688,Sell,2309.87,65949.14,421973.17,7/11/2022,1551.8,-151911966.8,Pinnacle Holdings
SNAP,29/12/2021,1100,Sell,6274.55,35744.86,399392.34,9/8/2016,4850.72,-223883519,Summit Capital
FB,1/11/2016,247,Sell,3188.69,33220.15,698876.88,7/2/2021,6430.98,-105229883.2,Summit Capital
INTC,13/08/2019,4020,Buy,9741.56,31507.74,522855.69,3/3/2019,2249.1,-306411684,Acme Investments
CSCO,3/4/2020,1620,Buy,5355.85,90245.97,775681.42,2/21/2018,6264.57,-482568197,Summit Capital
FB,28/07/2019,8537,Sell,7988.77,92424.58,263319.35,3/1/2017,6239.66,-738095392.6,Vista Ventures
GOOGL,30/12/2016,8267,Sell,7631.8,59887.4,143497.26,11/6/2016,6478.72,-456905162.1,Pinnacle Holdings
PYPL,18/10/2021,9866,Buy,8934.04,96695.34,721412.9,11/7/2017,1788.87,-863158622.5,Summit Capital
MSFT,10/9/2020,4724,Sell,9274.53,70726.1,509856.01,7/1/2015,7504.44,-655441480.2,Pinnacle Holdings
PYPL,16/12/2016,3428,Sell,9245.21,96196.7,632494.42,3/1/2020,9860.98,-888726198.4,Pinnacle Holdings
SNAP,29/11/2020,4875,Buy,2837.63,68442.59,200171.42,11/14/2018,266.16,-194014575.2,Horizon Equity
SNAP,17/10/2020,1574,Sell,2069.54,7704.68,920536.48,12/10/2019,7155.82,-15024606.97,Pinnacle Holdings
INTC,14/09/2018,3728,Sell,4032.8,62394.32,993449.97,9/29/2016,502.2,-250630363.7,Pinnacle Holdings
TSLA,29/03/2023,8479,Buy,9183.4,92628.82,847061.07,3/23/2018,1946.96,-849800444.5,Acme Investments
GOOGL,17/07/2023,6669,Sell,866.61,61108.71,229402.09,10/15/2024,1597.97,-52728017.08,Acme Investments
ADBE,13/08/2022,7747,Sell,9977.07,1002.28,902935.25,6/12/2024,9857.03,-9096882.47,Pinnacle Holdings
NVDA,14/04/2021,7960,Sell,5340.51,37174.34,725329.53,8/20/2024,7601.38,-197804605,Pinnacle Holdings
AAPL,26/03/2016,4104,Buy,2411.68,97009.78,488489.44,4/7/2023,707.91,-233468056.8,Summit Capital
AMZN,8/8/2018,4122,Sell,1905.23,89009.4,989280.19,2/11/2024,5100.45,-168594099,Horizon Equity
INTC,12/1/2016,9747,Buy,863.75,89765.06,415684.64,10/18/2023,6240.88,-77118885.94,Vista Ventures
AMD,25/10/2018,754,Buy,2060.47,27041.71,115327.34,8/25/2018,8032.6,-55603304.86,Acme Investments
QCOM,26/05/2024,716,Buy,721.14,25672.99,318807.01,3/23/2021,634.64,-18195013,Vista Ventures
CRM,28/05/2017,3976,Buy,3183.59,89823.95,620400.7,8/1/2024,403.81,-285342228.3,Acme Investments
TXN,16/05/2016,4094,Sell,2858.65,1440.67,531099.75,7/4/2017,6235.44,-3587271.546,Pinnacle Holdings
MSFT,26/06/2015,6473,Sell,9449.22,85609.85,114403.57,12/30/2024,4164.36,-808831903.2,Horizon Equity
ORCL,26/03/2022,9792,Sell,8667.24,43305.12,364515.3,2/24/2019,4165.08,-374971353,Acme Investments
CSCO,19/08/2016,3409,Buy,7771.58,22824.71,362238.03,1/31/2024,8741.43,-177021821.7,Horizon Equity
GOOGL,19/09/2017,1675,Sell,5044.24,80227.02,420516.7,9/18/2019,5319.93,-404263826.7,Horizon Equity
NVDA,28/06/2021,3872,Sell,7325.66,91204,417535.52,6/23/2017,9280.86,-667711959.1,Vista Ventures
CRM,1/2/2022,708,Sell,8959.53,36091.55,825489.23,2/26/2020,6660.08,-322537835.7,Summit Capital
TSLA,2/11/2023,2803,Sell,7781.54,88533.08,453533.83,9/2/2016,6673.2,-688470169.5,Pinnacle Holdings
TXN,17/09/2017,3994,Buy,7170.08,37397.55,878433.24,6/10/2021,5663.19,-267264992.1,Horizon Equity
INTC,9/2/2019,3790,Buy,4601.04,51729.22,167319.7,12/17/2016,510.1,-237840890.7,Vista Ventures
TSLA,8/9/2020,7535,Sell,2055.02,87810.99,578347.54,2/20/2023,6252.97,-179874993.1,Summit Capital
AVGO,3/7/2017,6621,Buy,1299.36,13441.78,415181.72,10/12/2022,3748.81,-17050529.54,Acme Investments
CSCO,16/04/2022,5466,Buy,5412.64,89668.74,155403.76,6/4/2018,6521.06,-485189205.1,Vista Ventures
AAPL,4/10/2018,1116,Sell,5435.27,14922.24,334734.51,7/26/2015,2541.14,-80771668.89,Vista Ventures
AMZN,28/10/2022,8136,Buy,8321.31,82050.97,817293.81,12/30/2016,1544.8,-681954263.4,Pinnacle Holdings
ORCL,23/10/2017,9336,Sell,9591.17,32514.97,330018.25,5/21/2020,3678.69,-311526586.6,Vista Ventures
MSFT,30/04/2021,554,Sell,2354.44,28100.49,159772.31,10/8/2024,3483.95,-66001145.37,Summit Capital
CSCO,14/05/2016,5193,Sell,9419.76,43242.45,200104.99,4/10/2020,9809.2,-407133395.8,Vista Ventures
MSFT,27/02/2020,3754,Buy,1079.63,28474.66,822728.97,7/6/2020,1959.53,-29919368.21,Horizon Equity
AAPL,10/8/2019,8048,Buy,4526.94,99340.72,143946.99,2/8/2018,6592.92,-449565532,Acme Investments
MSFT,13/07/2021,8607,Buy,4717.77,48700.99,781976.28,12/15/2017,3685.01,-228978093.3,Pinnacle Holdings
CSCO,23/09/2024,2415,Buy,3501.88,45049.44,530708.69,6/18/2016,3164.64,-157227024.3,Summit Capital
INTC,13/11/2015,4364,Sell,8217.98,82525.38,375526.42,7/23/2021,6320.65,-677816395.9,Pinnacle Holdings
ADBE,18/08/2018,3466,Buy,4229.13,90841.35,212046.53,3/16/2018,236.15,-383967832,Horizon Equity
IBM,21/01/2024,981,Sell,3827.56,19318.55,323011.41,7/14/2019,7479.96,-73619897.83,Horizon Equity
PYPL,28/06/2021,7051,Buy,4418.86,31911.2,724221.09,8/16/2015,2713.44,-140286904.1,Pinnacle Holdings
AMZN,23/02/2022,2120,Sell,4344.62,33337.31,791059.07,7/4/2020,9774.41,-144046884.7,Pinnacle Holdings
FB,10/6/2022,3478,Buy,4129.14,7802.97,371692.09,2/12/2024,9828.13,-31847863.46,Horizon Equity
CRM,8/9/2020,248,Buy,5118.78,94218.45,413406.67,10/20/2021,8651.34,-481870110.8,Vista Ventures
CSCO,29/09/2022,8137,Buy,3767.74,48540.69,452595.3,1/13/2015,2293.18,-182436104,Summit Capital
NVDA,22/04/2017,6565,Buy,9400.84,83918.32,804558.23,5/18/2021,1822.35,-788098141.2,Summit Capital
AVGO,12/7/2020,5731,Sell,9165.98,12161.52,158040.89,5/12/2023,3975.31,-111314208.2,Horizon Equity
INTC,20/12/2017,9036,Buy,6407.48,41025.19,363117.33,2/16/2017,5414.75,-262504967.1,Pinnacle Holdings
SNAP,9/5/2017,5017,Buy,6093.76,22886.06,134109.57,4/24/2021,4733.73,-139328047.4,Acme Investments
ADBE,12/4/2021,1160,Sell,2100.97,98626.19,458882.34,10/14/2017,1983.97,-206751784.1,Acme Investments
GOOGL,18/01/2015,7791,Buy,5931.33,29642.12,147376.36,12/12/2017,7170.75,-175669819.3,Acme Investments
IBM,10/12/2024,3661,Sell,3289.66,48574.95,960463.8,10/12/2017,1900.84,-158834606.2,Pinnacle Holdings
FB,18/02/2021,7364,Buy,8719,53995.74,338896.86,11/28/2023,5286.44,-470449960.2,Horizon Equity
TXN,7/8/2015,5654,Buy,7138.52,61776.56,447882.43,3/20/2024,7104.87,-440545326.7,Pinnacle Holdings
QCOM,7/1/2015,4202,Buy,6509.14,15958.5,3888.14,3/9/2019,2203.2,-103872222.6,Acme Investments
INTC,11/9/2023,2117,Buy,5283.14,83523.92,939634.53,8/28/2016,511.62,-440328928.2,Vista Ventures
MSFT,16/08/2015,5149,Buy,861.46,65893.13,383167.43,11/5/2021,3098.4,-56381128.34,Acme Investments
CSCO,2/7/2017,3864,Sell,7927.14,40277.07,708001.43,2/21/2023,2896.85,-318573971.2,Acme Investments
PYPL,11/10/2024,8881,Buy,8326.34,21907.94,30962.41,10/4/2024,6370.49,-182381994.7,Acme Investments
ADBE,22/11/2024,2755,Sell,1495.68,9272.19,432051.43,12/26/2022,8089.93,-13436177.71,Acme Investments
TXN,4/3/2019,9333,Sell,6241.78,44219.78,825314.06,7/28/2016,4533.08,-275184824.3,Horizon Equity
GOOGL,5/1/2021,8244,Buy,3267.83,35729.28,397245.06,6/13/2018,9663.43,-116359968,Summit Capital
INTC,28/07/2021,2461,Sell,6822.01,8516.32,153595.88,12/30/2015,3244.63,-57944824.32,Acme Investments
MSFT,15/08/2018,2593,Sell,5611.58,13158.46,194567.44,7/9/2021,2488.38,-73645183.53,Vista Ventures
CSCO,12/1/2016,9468,Buy,9807.23,85932.36,652648.1,11/11/2022,1212.87,-842105770.9,Acme Investments
CRM,22/07/2022,9276,Sell,9141.05,59230.31,218822.86,12/11/2021,1014.83,-541208402.4,Pinnacle Holdings
AMZN,20/08/2015,8837,Sell,6200.61,96918.63,385682.83,9/24/2017,2106.39,-600568943.5,Horizon Equity
ADBE,8/1/2018,9428,Sell,5083.94,76285.59,800297.69,8/9/2017,3168.23,-387031064.7,Acme Investments
CSCO,6/3/2023,69,Sell,7758.5,95375.44,787458.8,6/18/2015,6133.29,-739182892.4,Summit Capital
SNAP,21/11/2015,7321,Sell,3398.77,36390.09,146015.79,4/15/2022,7594.85,-123535530.4,Horizon Equity
TXN,4/9/2024,4197,Buy,9684.61,17806.18,845294.19,10/26/2019,531.65,-171600614.7,Acme Investments
AMZN,25/03/2018,7551,Buy,4057.54,2090.89,199206.52,11/16/2018,3654.49,-8284663.291,Vista Ventures
NFLX,12/8/2017,7537,Sell,4414.22,45793.52,960269.87,9/2/2023,7058.22,-201182402,Horizon Equity
AVGO,18/11/2021,1256,Buy,1988.78,44231.69,413602.33,3/1/2017,5433.47,-87553498.11,Vista Ventures
NFLX,11/6/2015,4679,Sell,4471.65,63795.74,824043.52,8/31/2024,6134.05,-284448177.3,Pinnacle Holdings
AAPL,10/3/2024,436,Sell,4429.79,15753.81,448631.19,2/20/2024,3599.14,-69337438.81,Vista Ventures
MU,4/9/2018,7792,Sell,5081.6,19595.34,901091.45,3/25/2017,5003.61,-98674588.29,Pinnacle Holdings
AMZN,21/12/2019,3274,Sell,2525.14,25494.3,545073.49,2/20/2017,433.46,-63831603.21,Acme Investments
INTC,23/05/2016,2480,Sell,6647.73,78773.87,735312.31,4/8/2022,640.14,-522932106.5,Horizon Equity
CRM,9/11/2018,6704,Sell,1383.09,43514.22,126470.5,11/16/2022,7303.63,-60057612.04,Acme Investments
QCOM,26/10/2017,8333,Sell,6650.63,40749.69,511144.5,1/23/2019,4984.49,-270499966.3,Acme Investments
TSLA,6/5/2016,2741,Buy,2866.07,82214.05,151752.96,8/1/2016,6409.82,-235479469.3,Summit Capital
INTC,13/06/2022,4326,Sell,2797.88,902.58,525553.25,10/7/2016,7728.8,-1999757.28,Vista Ventures
SNAP,20/06/2024,8067,Buy,663.73,9849.95,718283.05,4/15/2017,8354.19,-5819424.264,Vista Ventures
AVGO,6/2/2019,8076,Sell,8057.32,73061.35,607247.33,4/6/2020,8823.56,-588071429.3,Horizon Equity
INTC,19/02/2016,5041,Sell,2796.61,74100.89,232772.71,6/30/2017,2851.44,-206998517.3,Acme Investments
AVGO,8/12/2017,7845,Sell,9562.32,87469.19,370739.96,6/19/2023,1601.01,-836037645,Acme Investments
CSCO,24/09/2018,5386,Sell,8039.34,90761.28,543070.97,2/18/2017,5842.6,-729117717.8,Acme Investments
SNAP,24/06/2019,5127,Sell,9366.05,70101.08,91089.74,4/5/2020,5767.36,-656479130.6,Pinnacle Holdings
SNAP,2/9/2022,6049,Sell,9936.19,89296.58,816606.56,3/7/2020,251.59,-886451178.7,Vista Ventures
PYPL,20/04/2023,9864,Buy,7646.18,54258.86,804542.8,7/24/2016,8396.28,-414068467.4,Vista Ventures
QCOM,18/05/2024,1591,Buy,6744.09,74463.88,206006.81,12/12/2024,6235.13,-501985101.7,Vista Ventures
AMD,1/10/2020,2325,Buy,2623.38,5924.85,345438.67,9/26/2017,7252.06,-15197694.32,Summit Capital
MSFT,25/12/2021,7476,Sell,7344.46,94666.67,485513.4,10/9/2018,950.5,-694790057.7,Acme Investments
NFLX,10/2/2021,7494,Sell,543.23,41832.78,818292.03,5/19/2023,3218.74,-21906529.05,Summit Capital
QCOM,16/07/2018,1283,Sell,2102.78,81540.92,808783.46,7/20/2024,2843.87,-170653832.3,Vista Ventures
AMD,1/10/2024,4213,Sell,6322.68,9643.4,999541.72,1/22/2022,3488.3,-59972590.59,Summit Capital
IBM,23/12/2016,9541,Buy,5212.89,67154.55,685892.7,4/26/2023,9328.06,-349383389.4,Horizon Equity
CRM,21/01/2018,4255,Sell,6920.24,48464.41,235673.53,7/1/2024,3201.76,-335149675.1,Horizon Equity
INTC,12/12/2024,6263,Buy,587.07,41336.06,972030.64,7/12/2018,1623.65,-23295130.1,Summit Capital
NFLX,1/7/2015,2479,Sell,1620.38,1590.91,731865.6,9/7/2021,9872.28,-1846013.146,Vista Ventures
TXN,17/07/2015,3845,Buy,8352.93,62476.78,494624.1,10/31/2022,7668.91,-521369545.9,Vista Ventures
ORCL,28/05/2019,1754,Buy,5586.33,39917.49,309359.48,10/9/2018,2647.85,-222682912.4,Vista Ventures
MU,21/09/2024,5080,Sell,2635.83,84920.27,486920.62,1/11/2018,8472.87,-223348474.7,Vista Ventures
GOOGL,28/03/2023,3666,Buy,7049.78,96310.87,903191.6,10/23/2024,3094.24,-678067253.5,Pinnacle Holdings
AMD,20/11/2017,400,Buy,7407.66,74341.7,300607.68,7/1/2023,2713.85,-550397429.7,Summit Capital
AMD,28/11/2024,7563,Sell,8189.79,49303.41,15300.14,5/2/2016,5688.7,-403769274,Pinnacle Holdings
NVDA,21/04/2024,1430,Buy,5546.05,93952.12,244742.57,1/5/2015,796.92,-520818412.6,Horizon Equity
CRM,14/05/2024,7824,Buy,4756.43,42520.91,506506.74,1/19/2022,1784.06,-201741225.2,Horizon Equity
AAPL,15/04/2021,7424,Buy,3246.33,34210.91,569082.26,9/15/2018,2354.57,-110490821.2,Vista Ventures
NFLX,10/1/2017,5414,Buy,3759.87,10499.39,602044.75,5/2/2017,4174.68,-38874296.73,Acme Investments
AAPL,10/5/2022,6037,Sell,196.28,26557.19,494920.82,8/15/2015,6005.35,-4717724.433,Acme Investments
INTC,7/10/2022,1643,Buy,7029.56,69790.72,40005.56,4/22/2020,1625,-490558048.1,Vista Ventures
AMZN,10/5/2019,6782,Buy,9775.28,10340.59,60883.45,4/10/2018,7545.08,-101021279.2,Summit Capital
AVGO,17/08/2022,8979,Sell,7895.48,13133.2,943242.25,10/13/2020,4754.15,-102749675.7,Pinnacle Holdings
IBM,17/12/2020,95,Buy,4512.49,58960.89,490100.92,9/17/2022,4039.27,-265570325.6,Summit Capital
INTC,18/09/2018,1902,Sell,3940.28,3809.44,114400.77,12/17/2017,1615.95,-14895859.47,Pinnacle Holdings
MSFT,4/4/2023,1682,Buy,3430.66,16316.64,560443.37,7/9/2023,2903.92,-55416400.81,Pinnacle Holdings
NVDA,24/07/2018,7947,Buy,3258.57,86927.71,772124.04,12/15/2024,1797.53,-282487903.9,Summit Capital
AMZN,3/6/2019,4383,Sell,5020.81,54369.21,737151.37,6/27/2018,3741.51,-272240321.9,Horizon Equity
AMD,6/5/2018,3507,Buy,4783.5,4120.83,336513.89,2/22/2024,4479.52,-19375476.42,Pinnacle Holdings
AMZN,26/11/2017,1064,Sell,8600.21,16029.8,943231.57,7/26/2019,6653.85,-136916414.7,Acme Investments
ORCL,13/05/2019,9549,Sell,9170.37,33456.52,684069.19,5/13/2022,1396.85,-306124598.1,Acme Investments
CRM,30/09/2016,3090,Buy,8526.76,65985.21,475502.71,6/12/2023,3660.14,-562164546.5,Summit Capital
CSCO,6/8/2020,7872,Sell,5859.76,71051.37,126970.02,3/12/2015,5029.83,-416217005.9,Acme Investments
ORCL,11/1/2019,8242,Buy,3740.64,5211.91,199988.96,11/12/2018,8831.27,-19295890.06,Horizon Equity
CRM,1/11/2015,4392,Sell,1006.48,89239.42,930616.71,4/20/2024,6807.91,-88887074.73,Pinnacle Holdings
AAPL,14/07/2022,3598,Sell,8252.39,96085.29,332742.65,11/14/2016,5833.67,-792600543.7,Summit Capital
AMD,5/12/2022,4400,Sell,4320.4,41458.92,440286.62,11/16/2022,4692.11,-178678831.3,Horizon Equity
AVGO,27/11/2018,2447,Buy,1193.15,76967.06,852761.71,2/8/2021,7421.3,-90980485.93,Pinnacle Holdings
FB,25/12/2023,5414,Buy,6555.45,92198.42,785271.19,4/23/2017,6335.42,-603616861.2,Acme Investments
SNAP,20/12/2016,8201,Sell,2289.63,24030,352579.76,3/12/2024,3034.5,-54667229.14,Horizon Equity
TSLA,2/6/2019,1377,Sell,4858.47,91046.06,767357.39,6/9/2019,9540.2,-441577193.7,Horizon Equity
ORCL,24/10/2023,2789,Sell,6369.91,93356.35,348121.35,8/3/2023,2861.49,-594323426.1,Summit Capital
PYPL,29/10/2015,1580,Buy,5173.6,1800.28,69899.2,4/12/2018,2854.35,-9244029.408,Summit Capital
MU,21/02/2021,1247,Buy,6759.47,1860.76,822571.31,12/14/2016,534.52,-11755180.09,Horizon Equity
ADBE,17/12/2021,5010,Buy,6173.59,96452.13,230155.08,11/28/2024,1878.59,-595225750.2,Horizon Equity
AVGO,17/02/2021,8707,Sell,5441.31,34134.31,651646.27,9/26/2020,7946.23,-185083716.1,Summit Capital
TSLA,16/11/2024,805,Buy,706.93,63538.29,80616.59,5/8/2024,9805.8,-44836506.76,Acme Investments
AMZN,2/11/2018,2868,Buy,4062.19,17730.47,629421.14,8/29/2015,8657.46,-71395116.79,Summit Capital
QCOM,8/10/2023,1549,Sell,7154.54,75168.37,930396.61,4/18/2020,9035.36,-536864713.3,Acme Investments
IBM,19/03/2020,7449,Sell,5283.92,99367.35,576022.66,6/14/2016,8734.06,-524473105.4,Vista Ventures
SNAP,17/01/2022,5534,Sell,5722.27,35875.42,470734.04,3/23/2016,1912.88,-204818105.6,Pinnacle Holdings
TSLA,31/07/2020,708,Buy,4571.41,28077.47,274587.42,6/8/2017,9645.3,-128079039.7,Horizon Equity
CRM,19/07/2016,4427,Sell,8970.44,95162.25,791756.4,7/22/2024,8678.21,-852855497.5,Vista Ventures
NVDA,3/11/2019,7557,Buy,3080.49,70625.24,13068.67,8/12/2022,1514.32,-217547276.9,Acme Investments
MSFT,27/04/2023,2349,Buy,3562.21,51026.47,136278.86,3/6/2023,2102.95,-181630722.8,Vista Ventures
QCOM,16/10/2019,6881,Sell,4792.54,97206.09,128625.85,1/27/2016,891.21,-465735448.7,Horizon Equity
AVGO,6/4/2023,6489,Buy,9226.01,44821.39,873846.93,9/18/2022,472.3,-412648745.4,Pinnacle Holdings
IBM,8/11/2019,677,Sell,4.72,74634.63,751849.04,1/27/2018,7757.94,399573.5864,Pinnacle Holdings
ADBE,26/10/2021,6079,Sell,3266.17,61825.61,309820.34,3/12/2024,6827.81,-201623132.3,Acme Investments
TXN,26/10/2016,36,Buy,5448.63,78251.36,901434.43,12/11/2016,5471.49,-425461273.2,Acme Investments
MU,17/05/2018,4977,Sell,5633.3,51740.5,258758.47,3/6/2024,3798.8,-291211000.2,Vista Ventures
ADBE,1/1/2020,498,Buy,3257.82,73639.66,555489.11,5/6/2016,9686.26,-239349268,Horizon Equity
AMZN,8/11/2020,7240,Buy,3074.52,12463.72,798878.85,11/15/2021,7674.15,-37521077.56,Pinnacle Holdings
QCOM,23/12/2021,938,Buy,978.52,39928.57,450880.93,9/9/2015,4904.62,-38620023.39,Pinnacle Holdings
IBM,18/02/2016,1049,Sell,5933.64,25990.69,934460.05,12/29/2023,5878.33,-153284937.8,Summit Capital
ADBE,5/12/2021,680,Buy,9936.68,91484.36,54938.13,4/15/2022,6537.38,-908995872.2,Pinnacle Holdings
ORCL,10/12/2020,8765,Sell,5077.42,97603.13,388339.3,3/14/2016,1674.11,-495183745,Pinnacle Holdings
MSFT,6/4/2019,9253,Sell,2488.79,89688.95,340148.09,12/4/2022,7604.73,-222876813.8,Summit Capital
ADBE,10/11/2024,2987,Buy,7218.66,84430.72,77635.31,7/21/2015,5562.78,-609399025.9,Horizon Equity
PYPL,31/05/2018,7948,Sell,4337.75,46604.89,799639.52,7/16/2017,7361.5,-201360722.1,Summit Capital
AMZN,6/4/2024,5885,Sell,8907.81,5094.39,622226.93,12/29/2018,6863.4,-44757631.26,Summit Capital
AMZN,10/8/2019,9185,Sell,9500.44,783.55,926980.53,11/30/2016,404.15,-6517089.232,Horizon Equity
AAPL,4/4/2024,4,Sell,4944.83,57998.78,421836.89,3/17/2018,9707.39,-286372270.4,Pinnacle Holdings
AAPL,1/6/2021,180,Buy,5073.36,44423.83,861210.52,6/30/2017,2073.76,-224516871.6,Vista Ventures
GOOGL,6/4/2018,5976,Sell,2008.62,45479.99,895528.54,6/26/2017,3441.09,-90456488.97,Vista Ventures
SNAP,15/12/2015,6176,Sell,8303.03,25430.58,46946.17,11/21/2020,1079.84,-211103922.5,Acme Investments
CRM,19/11/2021,8721,Sell,6663.37,51686.23,531160.98,6/20/2024,961.46,-343873313.4,Acme Investments
TXN,18/03/2022,1329,Sell,9031.44,75543.67,74526.15,1/15/2021,2413.65,-682193596.8,Acme Investments
SNAP,11/12/2018,1622,Buy,1268.49,51784.41,328844.05,11/16/2015,4515.84,-65359162.19,Acme Investments
SNAP,24/01/2024,2624,Buy,4202.1,32055.36,801606.71,4/7/2015,886.93,-133898221.5,Acme Investments
CRM,1/2/2024,4329,Sell,9967.63,94090.74,497525.16,12/14/2018,944.6,-937364157.6,Acme Investments
ORCL,29/11/2020,7713,Buy,4071.27,68152.15,599070.99,9/12/2022,3076.7,-276866732.7,Summit Capital
AVGO,23/01/2019,47,Buy,1941.6,64690.14,279133.02,6/11/2023,8223.2,-125323242.8,Horizon Equity
FB,29/12/2020,1497,Buy,5319.72,81485.47,988499.58,12/3/2016,9488.1,-432491384.9,Summit Capital
AVGO,17/01/2023,8816,Sell,9353.95,11452.02,659690.87,3/7/2021,2292.26,-106461931.6,Pinnacle Holdings
PYPL,8/5/2018,7468,Buy,8257.71,52424.92,700706.26,9/9/2022,1944.52,-432209079.9,Vista Ventures
CRM,12/11/2015,6848,Sell,2560.09,51089.79,241242.35,4/6/2020,7202.02,-130553218.1,Horizon Equity
AMD,9/9/2017,7060,Buy,5831.79,70511.1,137752.1,1/16/2024,5060.67,-411068175.8,Pinnacle Holdings
NFLX,16/02/2024,7413,Sell,7683.25,22771.91,346691.91,9/30/2018,4084.3,-174615585.6,Vista Ventures
PYPL,23/02/2015,1155,Sell,6317.4,41406.75,202951.99,4/5/2021,698.46,-261380050.5,Pinnacle Holdings
QCOM,15/05/2015,6052,Buy,1518.14,67643.57,55407.83,3/23/2021,7717.84,-102637001.5,Vista Ventures
AAPL,27/08/2015,2285,Sell,952.17,62239.99,507812.26,6/30/2020,374.74,-58755239.02,Summit Capital
CRM,13/02/2020,2018,Buy,3402.39,1242.75,827928.95,5/22/2021,1487.23,-3400391.223,Horizon Equity
MU,7/5/2019,3858,Buy,3020.79,65254.64,24274.29,10/18/2017,7177.51,-197096289.7,Pinnacle Holdings
QCOM,15/02/2023,7384,Buy,2407.43,35447.13,611525.09,9/15/2022,6752.92,-84724959.09,Horizon Equity
FB,8/12/2017,4754,Buy,2145.52,48935.96,26540.99,7/2/2021,2480.54,-104966539.9,Acme Investments
PYPL,16/09/2015,3405,Sell,5442.34,23338.52,432122.45,10/16/2024,2803.34,-126584038.5,Horizon Equity
AMD,9/1/2022,6919,Sell,92.57,30672.53,463434.81,6/16/2024,1349.97,-2375921.292,Horizon Equity
INTC,4/6/2019,5831,Sell,358.49,52844.44,394291.35,3/2/2017,6238.08,-18549911.95,Acme Investments
AAPL,2/3/2023,2846,Buy,3581.32,19024.26,960348.27,2/21/2024,1629.36,-67171614.55,Pinnacle Holdings
CRM,1/4/2019,7537,Sell,2078.12,68243.22,469126.4,9/17/2017,9451.35,-141348473.9,Horizon Equity
MU,28/06/2022,5897,Buy,630.35,56166.67,693147.66,6/11/2023,6015.36,-34711512.77,Pinnacle Holdings
GOOGL,2/9/2020,2773,Sell,7797.87,45245.9,550524.69,3/25/2021,4821.25,-352271121.5,Acme Investments
MSFT,26/11/2021,5145,Sell,9113.13,979.58,833985.57,5/3/2023,3035.53,-8093054.315,Summit Capital
IBM,22/01/2016,3882,Buy,7861.83,39105.69,635396.51,3/4/2019,9233.68,-306806890.3,Pinnacle Holdings
ORCL,2/3/2023,3182,Sell,8632.94,94997.37,334248.78,12/22/2020,6591.84,-819772346.6,Horizon Equity
ORCL,16/11/2024,7774,Buy,8557.98,64499.91,901792.66,4/13/2023,9508.05,-551087147.1,Horizon Equity
AVGO,29/03/2021,2974,Sell,9084.05,1029.38,843290,3/18/2018,4069.43,-8507649.389,Acme Investments
PYPL,29/08/2023,2323,Sell,7072.32,63846.77,531017.99,7/19/2015,5912.65,-451013770.4,Vista Ventures
SNAP,1/9/2020,9627,Buy,1593.02,23421.1,373714.44,6/9/2020,380.22,-36936566.28,Acme Investments
AMD,26/12/2015,9166,Buy,2863.79,59333.21,966870.31,2/19/2021,1900.84,-168950983.2,Vista Ventures
AVGO,22/03/2016,7679,Sell,5583.88,58903.54,409473.44,8/4/2020,6362.01,-328500825.5,Acme Investments
FB,19/06/2021,8516,Sell,8594.45,69770.7,367279.2,6/10/2021,2317.27,-599273513.4,Pinnacle Holdings
NFLX,26/02/2024,2899,Buy,681.1,89384.68,916420.11,3/30/2021,1160.23,-59963485.44,Pinnacle Holdings
ADBE,21/10/2015,366,Buy,1181.34,79766.48,653920.64,1/1/2023,9666.03,-93577412.84,Pinnacle Holdings
FB,13/08/2018,3359,Sell,9464.42,54792.44,186319.41,7/14/2016,3675.86,-518392345.6,Acme Investments
QCOM,10/10/2017,8663,Sell,4696.4,21410.91,477620.12,3/21/2024,4050.39,-100076577.6,Pinnacle Holdings
IBM,4/12/2024,4298,Buy,5522.09,4472.99,509887.86,9/18/2020,3365.25,-24190365.49,Horizon Equity
ADBE,18/04/2015,4272,Sell,8759.35,483.73,955294.69,7/15/2023,1914.51,-3281865.686,Summit Capital
GOOGL,15/06/2018,8359,Buy,1529.96,68823.65,772400.49,2/3/2015,3288.47,-104525031.1,Vista Ventures
FB,15/02/2015,8332,Buy,7780.26,21859.46,924297.12,9/20/2018,9454.45,-169147985.1,Acme Investments
TSLA,5/3/2016,4098,Buy,6091.44,76126.17,142969.58,3/11/2018,9396.76,-463575027.4,Vista Ventures
NVDA,12/5/2016,5596,Buy,9222.63,4084.23,85174.37,4/21/2021,7651.43,-37582167.75,Vista Ventures
AAPL,27/11/2024,4943,Buy,2506.66,69630.48,409079.1,8/22/2021,8940.42,-174130859.9,Acme Investments
ORCL,19/02/2016,2549,Sell,9832.07,87284.35,291776.68,5/28/2023,6590.85,-857894062.4,Horizon Equity
FB,16/10/2016,7712,Sell,2418.72,96248.93,625801.07,3/6/2015,1295.95,-232173410.9,Pinnacle Holdings
AMZN,2/11/2016,6590,Sell,8154.51,94658.91,485646.81,1/26/2023,4678.45,-771411381.4,Pinnacle Holdings
CRM,9/2/2023,6636,Buy,1327.49,63865.43,276322.01,5/11/2020,5769.05,-84504397.66,Summit Capital
GOOGL,12/2/2023,6041,Sell,3283.17,2967.46,639791.08,9/2/2016,9180.07,-9102884.568,Vista Ventures
AVGO,20/04/2020,9895,Sell,6.87,80933.44,169621.15,2/24/2020,2373.28,-386391.5828,Horizon Equity
PYPL,3/8/2016,6021,Sell,1890.32,92244.51,835796.33,2/4/2023,1024.2,-173535845.8,Acme Investments
MSFT,30/04/2021,8255,Buy,1394.4,86792.95,655930.04,11/12/2018,2495.83,-120368159.4,Horizon Equity
QCOM,29/05/2020,6764,Sell,458.28,35855.65,772308.89,6/16/2016,3646.63,-15659618.39,Summit Capital
AVGO,23/11/2018,612,Sell,1453.52,93392.77,650613.86,8/2/2018,4154.76,-135097645.2,Summit Capital
CRM,19/10/2020,2111,Sell,1563.84,18662.6,865789.09,9/17/2017,2501.16,-28319531.29,Horizon Equity
INTC,28/08/2018,8183,Sell,1481.21,78526.48,606133.75,9/2/2019,3390.4,-115708073.7,Summit Capital
GOOGL,10/5/2019,4547,Sell,1573.88,99997.24,887003.48,7/9/2023,8017.03,-156496652.6,Summit Capital
TXN,17/02/2018,5421,Buy,7608.36,41066.35,382828.16,5/15/2020,4083.96,-312064746.5,Horizon Equity
SNAP,12/1/2019,476,Sell,5602.1,45735.4,679335.94,1/31/2021,8507.41,-255534948.4,Horizon Equity
FB,10/2/2019,3216,Sell,2441.88,84266.47,726945.6,11/9/2019,3800.15,-205041662.2,Pinnacle Holdings
AAPL,7/6/2016,3407,Sell,6687.93,87192.88,569221.75,5/20/2019,5079.41,-582570656.2,Pinnacle Holdings
MSFT,11/9/2016,8020,Buy,3410.74,7043.61,177309.64,7/19/2021,262.34,-23846612.73,Horizon Equity
CRM,8/7/2018,9507,Buy,750.59,90561.77,284872.32,1/28/2018,7633.84,-67689886.62,Acme Investments
AMD,22/02/2015,4149,Sell,5511.67,852.18,913911.26,7/4/2024,7998.67,-3783023.681,Acme Investments
AMD,21/10/2017,8233,Sell,9517.62,25842.66,974648.32,7/14/2024,8127.98,-244985969.3,Pinnacle Holdings
MU,6/6/2018,4771,Sell,172.62,967.97,575517.52,1/29/2018,4453.88,408426.5386,Pinnacle Holdings
INTC,27/11/2020,1993,Buy,5275.16,64251.33,430994.94,5/27/2020,6742.22,-338505051,Acme Investments
NFLX,8/4/2019,3241,Sell,6072.23,25675.48,985345.55,3/1/2023,3989.7,-154922074.4,Horizon Equity
NVDA,15/12/2016,4089,Buy,9986.57,86232.96,240663.07,5/21/2024,2322.3,-860930828.3,Summit Capital
PYPL,15/04/2018,2098,Buy,7029.38,16809.39,664634.65,4/30/2024,2010.44,-117494955.2,Vista Ventures
ADBE,8/9/2018,6784,Sell,8642.29,63330.4,955111.13,7/11/2024,6129.99,-546364571.5,Summit Capital
AAPL,21/04/2020,3798,Sell,9024.96,52425.62,354480.47,1/4/2019,5569.05,-472784643,Summit Capital
AMZN,14/07/2018,7580,Sell,9861.81,89547.86,901991.88,11/6/2017,3607.97,-882201989.3,Pinnacle Holdings
PYPL,20/09/2021,6195,Sell,1386.82,85234.54,986308.28,9/4/2021,7377.16,-117218656.5,Horizon Equity
ORCL,17/10/2018,4606,Buy,9117.81,32124.2,291149.99,3/4/2024,222.96,-292611202,Horizon Equity
TXN,15/10/2019,1127,Sell,5198.4,60418.07,893668.25,5/15/2019,2734.8,-313183626.8,Summit Capital
AMZN,29/04/2018,4126,Sell,793.86,2321.5,748210.33,3/13/2017,3249.23,-1094735.66,Acme Investments
GOOGL,16/05/2016,4278,Buy,9089.72,80290.3,751946.38,3/12/2016,7566.64,-729064399.3,Summit Capital
GOOGL,7/5/2024,4320,Sell,5290.27,33688.02,883337.41,9/21/2016,2956.15,-177335384.2,Acme Investments
SNAP,23/03/2015,7221,Buy,4255.31,36150.49,575268.17,11/29/2018,9995.8,-153256273.4,Summit Capital
PYPL,17/10/2017,9482,Sell,97.84,97768.96,265454.51,4/23/2020,305.03,-9300260.536,Horizon Equity
QCOM,26/01/2015,860,Buy,5197.9,88428.09,930055.47,10/27/2017,8128.48,-458710313.5,Summit Capital
GOOGL,28/09/2024,5390,Sell,9448.92,18815.09,314536.1,11/23/2024,5950.87,-177467744.1,Vista Ventures
QCOM,9/12/2021,4757,Buy,486.88,62605.25,915260.69,5/16/2020,8056.93,-29565983.43,Acme Investments
GOOGL,27/03/2021,2494,Sell,3329.77,86986.65,650416.17,10/3/2016,8052.84,-288995121.4,Horizon Equity
AAPL,9/6/2018,3018,Sell,4147.65,58079.93,455873.77,12/22/2024,1858.91,-240439347.9,Horizon Equity
NVDA,10/8/2022,9671,Sell,9576.34,14562.22,949860.81,12/31/2017,5703.75,-138502909.1,Vista Ventures
FB,19/08/2021,5516,Buy,3783.82,15414.38,920934.97,10/30/2021,3675.69,-57404304.36,Pinnacle Holdings
CRM,18/09/2017,8381,Buy,3675.68,36425.46,345981.08,9/21/2017,2998.81,-133542353.7,Pinnacle Holdings
IBM,1/8/2023,9920,Sell,3324.39,57477.49,344135.64,5/30/2024,4358.33,-190733457.3,Vista Ventures
ADBE,22/04/2015,2910,Sell,182.16,34104.57,591616.6,11/27/2023,305.5,-5620871.871,Acme Investments
MSFT,23/12/2015,7763,Buy,1144.91,67321.26,804339.86,10/31/2019,907.16,-76272443.93,Acme Investments
AAPL,27/06/2024,8605,Sell,4989.15,72060.07,762900.72,2/24/2020,2660.22,-358755597.5,Summit Capital
AMD,5/11/2019,3057,Buy,7529.56,16683.35,737210.34,1/2/2022,2702.15,-124881074.5,Vista Ventures
NFLX,24/05/2022,3141,Buy,7115.61,40757.51,23992.5,7/14/2015,3560.16,-289990553.2,Acme Investments
GOOGL,2/5/2019,3515,Buy,9335.56,58718.22,56120.64,10/6/2015,8407.39,-548111345.3,Acme Investments
QCOM,5/12/2020,9675,Buy,1647.74,90734.87,635401.79,3/1/2021,8084.91,-148872072.9,Summit Capital
NVDA,3/8/2016,2737,Sell,3153.98,59397.13,598093.66,1/21/2023,605.84,-186739266.4,Vista Ventures
TXN,18/12/2019,8991,Buy,2130.83,33941.86,303141.69,12/10/2015,5154.9,-72021191.85,Acme Investments
AMD,6/9/2017,8466,Sell,5619.35,16238.97,29858.35,12/5/2019,3227.67,-91222597.72,Summit Capital
AMZN,7/4/2021,7907,Sell,8282.35,90068.68,542147.54,3/15/2024,667.75,-745438184.3,Horizon Equity
AVGO,8/9/2021,7891,Sell,7336.97,2922.44,948946.87,3/21/2017,2990.09,-20492907.74,Acme Investments
AVGO,27/04/2016,873,Buy,3968.2,66342.69,347328.96,11/12/2016,6281.42,-262913733.5,Summit Capital
IBM,13/03/2017,7705,Sell,4412.23,32575.99,49252.72,7/14/2022,7237.35,-143683507.6,Vista Ventures
PYPL,25/08/2022,5306,Sell,9878.42,5528.52,919950.75,8/5/2018,2756.58,-53693091.79,Vista Ventures
CRM,8/5/2022,998,Sell,969.61,48862.91,322740.01,12/2/2019,533.75,-47055226.16,Horizon Equity
CRM,9/3/2016,5553,Sell,7364.62,44281.09,416830.62,8/17/2021,8731.7,-325696570.4,Pinnacle Holdings
CSCO,19/08/2021,4033,Sell,4621.35,74389.55,231087.47,6/28/2021,5465.58,-343549059.4,Vista Ventures
FB,12/2/2020,7480,Buy,4842.52,3718.71,930861.29,1/24/2021,5955.6,-17077066.26,Acme Investments
INTC,30/05/2016,7935,Sell,5139.17,23677.14,625261.13,2/17/2020,5164.43,-121055586.4,Summit Capital
SNAP,6/9/2022,941,Buy,3917.56,67973.08,850216.47,6/10/2024,6292.54,-265438402.8,Pinnacle Holdings
SNAP,27/10/2018,4279,Buy,8426.18,92717.81,469356.45,10/9/2019,1139.9,-780787599.8,Horizon Equity
AVGO,29/07/2020,4554,Buy,3841.11,32239.85,134926.81,6/16/2017,8261.52,-123701883.4,Pinnacle Holdings
TXN,30/01/2018,2338,Buy,8187.49,14571.15,709934.35,7/14/2020,8311.24,-118591210.6,Vista Ventures
TSLA,7/7/2024,8847,Sell,4243.12,84942.37,549703.67,8/25/2019,8376.46,-359870965.3,Acme Investments
FB,15/11/2021,6051,Buy,965.62,90271.35,743369.02,8/21/2018,3971.48,-86424451.97,Vista Ventures
ADBE,22/06/2015,5426,Sell,369.7,11536.92,560213.82,1/30/2015,5653.06,-3704985.504,Horizon Equity
SNAP,3/8/2023,5465,Sell,5150.42,31820.2,95813.79,3/15/2021,4200.61,-163791580.7,Summit Capital
TSLA,22/05/2024,2542,Sell,1434.65,72154.82,32707.88,6/11/2015,3266.91,-103484204.6,Acme Investments
CSCO,19/06/2021,6300,Buy,6090.87,90309.53,354279.57,5/1/2016,1389.03,-549709327.4,Acme Investments
MSFT,27/11/2015,6700,Sell,679.38,52565.08,879796.78,12/17/2021,6525.77,-34831867.27,Horizon Equity
NFLX,26/07/2022,1217,Buy,6921.6,50032.14,472488.74,9/26/2016,6843.22,-345829971.5,Pinnacle Holdings
MU,22/12/2018,8117,Sell,5710.93,20184.51,120058.29,3/7/2023,1833.92,-115152265.4,Pinnacle Holdings
AMD,25/02/2015,4743,Sell,306.55,78598.56,240287.65,6/10/2016,4776,-23854100.92,Pinnacle Holdings
ADBE,10/10/2019,6418,Sell,7348.12,64852.61,19823.27,10/3/2017,1519.44,-476524937.3,Vista Ventures
TSLA,9/9/2022,4354,Buy,1144.34,66904.64,738285.68,5/2/2015,1269.28,-75823370.06,Horizon Equity
MSFT,26/12/2018,4010,Sell,5084.44,61977.66,853728.85,12/20/2021,3458.04,-314267964.8,Summit Capital
IBM,26/02/2016,6681,Sell,2243.07,57922.98,798531.66,1/27/2017,1452.82,-129126767.1,Pinnacle Holdings
AAPL,14/02/2017,2339,Buy,6294.89,45874.17,368911.55,9/24/2021,113.13,-288403942.4,Pinnacle Holdings
IBM,5/2/2019,6300,Buy,8416.78,60180.96,473424.17,10/11/2017,2068.83,-506056476.3,Summit Capital
AMD,10/9/2024,1778,Sell,3042.51,88316.45,402724.48,1/13/2022,8768.18,-268300957.8,Summit Capital
TSLA,20/08/2017,6965,Sell,8608.87,56380.53,817330.82,9/13/2016,6586.34,-484555322.5,Vista Ventures
MSFT,27/06/2017,8998,Sell,7576.01,32576.2,357575.49,10/10/2021,4742.91,-246440041.5,Horizon Equity
AAPL,30/04/2016,9597,Sell,3094.15,63146.24,155234.38,5/6/2015,7392.89,-195228704.1,Acme Investments
IBM,16/06/2024,7169,Sell,7502.6,54626.17,379301.82,6/16/2018,1488.76,-409459001.2,Summit Capital
PYPL,25/06/2018,3131,Buy,3910.2,59513.07,3767.83,2/25/2021,8462.77,-232704238.5,Horizon Equity
TSLA,29/10/2022,9674,Buy,4633.19,86221.6,929253.16,8/30/2015,1419.08,-398551801.7,Summit Capital
CRM,5/6/2019,4415,Buy,5205.9,42125.52,930337.33,7/30/2015,6304.3,-218370907.2,Horizon Equity
ADBE,24/09/2015,6529,Sell,2033.26,60518,820036.44,12/8/2021,7631.33,-122228792.2,Pinnacle Holdings
AVGO,28/11/2016,5858,Sell,8690.38,91772.15,775680.65,3/18/2020,1402.58,-796759176.3,Vista Ventures
AMD,15/11/2024,8898,Sell,2091.48,47024.21,748397.11,12/20/2024,6679.72,-97601797.62,Vista Ventures
AMZN,20/10/2016,6243,Sell,5682.78,97323.85,856022.91,11/3/2016,418.1,-552214005.4,Summit Capital
GOOGL,26/11/2018,4314,Sell,8906,68808.88,935492.6,5/2/2024,8330.59,-611876392.7,Vista Ventures
FB,1/10/2023,1579,Buy,2110.08,3765.17,850185.94,1/13/2020,8576.76,-7094623.974,Pinnacle Holdings
TSLA,24/02/2015,3221,Sell,7043.77,15186.53,424122.3,9/1/2023,2063.46,-106546302.1,Horizon Equity
PYPL,4/11/2015,797,Buy,6061.29,33593,455965.87,5/5/2021,2822.92,-203160949.1,Pinnacle Holdings
CRM,5/8/2016,4483,Sell,9148,74374.13,694485.18,7/14/2024,1796.32,-679680056.1,Acme Investments
AVGO,10/12/2020,8786,Buy,3696.67,28134.21,669643.84,3/26/2016,8295.29,-103333246.2,Acme Investments
AMD,15/06/2015,7267,Buy,1094.26,53088.99,609419.1,4/30/2020,615.68,-57483739.1,Pinnacle Holdings
ORCL,3/11/2024,43,Sell,4965.17,70177.69,394259.1,2/14/2019,1865.49,-348049902,Pinnacle Holdings
MSFT,21/05/2018,6690,Buy,3985.6,3931.56,500838.26,7/17/2023,384.21,-15168787.28,Pinnacle Holdings
NFLX,16/03/2016,6761,Sell,3556.31,51605.24,956431.64,6/28/2022,533.36,-182567799.4,Pinnacle Holdings
MU,22/09/2022,3510,Buy,3487.61,11533.44,686228.98,1/6/2022,5893.38,-39537911.7,Vista Ventures
TXN,15/10/2022,5676,Buy,9325.95,92782.41,14188.62,8/26/2022,3220.79,-865269927.9,Vista Ventures
AMZN,27/01/2023,3226,Buy,5370.38,30937.84,338182.16,3/14/2020,4311.34,-165809775,Summit Capital
NFLX,13/02/2017,6433,Buy,6873.88,21598.28,334148.83,6/23/2021,6596.83,-148129836.1,Pinnacle Holdings
ADBE,16/07/2018,3010,Buy,8691.09,30716.99,588108.3,1/31/2020,2686.65,-266376016.3,Pinnacle Holdings
TSLA,15/03/2022,2733,Sell,8227.71,39848.88,727231.78,2/28/2020,9544.51,-327137796.7,Vista Ventures
IBM,21/02/2015,6983,Sell,2654.31,3391.23,848873.74,5/10/2021,1909.31,-8152501.961,Acme Investments
AVGO,5/10/2017,1432,Sell,8706.06,13622.45,493252.25,9/24/2020,2074.35,-118104614.8,Acme Investments
FB,30/07/2015,7669,Buy,5993.96,44004.31,737833.22,12/14/2020,6473.86,-263022240.7,Vista Ventures
AVGO,30/01/2015,4006,Buy,2771.17,34096.31,817255.43,3/15/2017,9003.81,-93669415.95,Vista Ventures
ORCL,29/03/2015,9290,Buy,3795.49,16119.46,22948.04,6/11/2016,2070.29,-61158301.2,Summit Capital
AMZN,2/2/2016,6828,Buy,1531.09,73166.57,594310.5,2/29/2020,7689.65,-111430293.2,Summit Capital
FB,8/1/2018,6410,Buy,4619.67,2433.12,169461.32,6/7/2015,3233.39,-11070750.15,Pinnacle Holdings
AMZN,21/02/2017,9272,Buy,9988.31,69468.7,138286.07,9/22/2022,1952.2,-693736624.8,Vista Ventures
TSLA,20/11/2015,1511,Sell,6654.18,85864.01,449718.32,10/16/2015,5384.19,-570904859.7,Acme Investments
CRM,6/3/2022,6227,Sell,7591.52,1908.46,447033.26,10/15/2017,8150.4,-14041079,Horizon Equity
ORCL,26/09/2020,9812,Sell,2790.21,5688.77,475146.57,5/19/2017,1401.1,-15397716.37,Vista Ventures
NFLX,23/10/2021,6933,Sell,8914.51,96300.13,308247.7,7/28/2020,4751.13,-858160224.2,Acme Investments
ORCL,29/10/2016,3844,Sell,6850.34,93068.19,735796.57,7/4/2017,2537.39,-636812948.1,Acme Investments
AVGO,10/6/2016,2888,Sell,121.6,70055.59,876022.05,9/15/2017,8757.48,-7642737.694,Pinnacle Holdings
MU,23/08/2019,4157,Sell,2309.05,51087.39,273871.85,5/23/2023,3077.07,-117689466,Summit Capital
MU,8/6/2023,7211,Sell,3302.62,97953.69,216500.94,12/14/2017,3568.56,-323287314.7,Summit Capital
TSLA,9/5/2015,9117,Sell,3516.91,54735.32,813416.86,11/5/2024,9908.25,-191685777.4,Vista Ventures
IBM,29/06/2022,3622,Buy,5087.27,72225.7,415674.16,11/8/2019,4542.76,-367015962.7,Summit Capital
ORCL,26/08/2017,3030,Buy,8161.77,87704.93,472001.48,8/22/2020,286.38,-715355465,Pinnacle Holdings
FB,22/07/2017,2189,Sell,4077.33,34705.22,576573.38,6/21/2023,3580.02,-140928061.3,Summit Capital
AAPL,4/6/2018,1810,Sell,5718.92,26561.1,756404.87,1/19/2024,6682.39,-151144401.1,Vista Ventures
ORCL,3/5/2019,9977,Sell,8874.9,59574.21,340344.41,12/11/2023,813.91,-528374811.9,Pinnacle Holdings
CRM,4/8/2019,4709,Buy,8534.18,26061.18,572191.37,2/12/2022,3401.4,-221838609.8,Acme Investments
AVGO,13/04/2021,6169,Sell,717.32,90473.97,259251.16,4/2/2023,4162.01,-64639537,Acme Investments
QCOM,28/06/2021,8101,Sell,4255.15,25916.5,389646.95,10/31/2020,5878.61,-109888948,Horizon Equity
SNAP,16/08/2022,3920,Sell,5357.37,72453.95,849251.9,8/26/2020,7555.72,-387313366.2,Summit Capital
MSFT,2/5/2022,4687,Buy,8475.65,33607.8,227113.92,10/18/2015,9996.2,-284620836.2,Acme Investments
TSLA,29/05/2018,5745,Sell,8043.19,36068.7,217280.39,2/13/2023,2296.54,-289890126.8,Vista Ventures
QCOM,14/02/2023,1344,Buy,6741.14,141.95,330188.55,12/9/2022,6493.25,-626716.273,Summit Capital
ADBE,25/02/2015,8302,Sell,5894.38,72680.07,176433.82,6/12/2021,9614.01,-428227517.2,Horizon Equity
NFLX,13/07/2021,7001,Sell,9696.32,89732.06,590424.3,8/21/2023,4951.01,-869480343.7,Vista Ventures
AAPL,1/3/2021,4687,Sell,3999.05,83591.42,539193.02,1/12/2020,6753.6,-333747075.1,Acme Investments
AMZN,1/1/2023,6612,Sell,8679.78,87671.22,366117.96,3/30/2024,3947.34,-760600784,Vista Ventures
NVDA,6/10/2022,3967,Sell,8646.94,76006.95,2174.11,5/31/2017,9694.42,-657225362.1,Vista Ventures
FB,29/05/2022,2268,Buy,9403.52,24294.56,829139.32,8/20/2018,8982.25,-227625241.5,Horizon Equity
INTC,10/6/2021,4654,Buy,2008.28,56283.12,193560.85,3/18/2021,2977.82,-112838703.4,Pinnacle Holdings
NVDA,4/2/2023,6705,Buy,6154.1,3019.93,295455.09,5/13/2018,4378.86,-18289496.12,Vista Ventures
MSFT,14/08/2020,1246,Sell,3501.7,82762.64,626509.25,6/28/2016,5011.21,-289183427.2,Pinnacle Holdings
CSCO,9/6/2017,9416,Buy,9205.37,25328.44,879116.2,7/21/2020,8796.12,-232278545.5,Acme Investments
AAPL,17/09/2018,6815,Sell,1336.19,7140.34,459895.78,11/28/2022,521.52,-9080955.125,Acme Investments
MSFT,18/09/2015,3795,Sell,7597.99,90147.32,212772.57,5/18/2024,6805.58,-684725663.3,Vista Ventures
GOOGL,10/11/2017,7185,Sell,6935.38,81449.57,199451.57,11/30/2019,6694.42,-564684267.2,Summit Capital
ADBE,13/08/2021,3734,Sell,8849.59,24086.78,9718.81,3/3/2017,7015.94,-213148408.6,Vista Ventures
ORCL,18/08/2019,9222,Buy,9595.9,78249.21,382932.28,6/19/2015,9504.48,-750488662,Acme Investments
ORCL,4/6/2020,1981,Buy,4108.22,33782.93,494890.03,5/30/2023,7370.47,-138292818.7,Acme Investments
PYPL,23/04/2023,2667,Buy,9164.42,42578.45,722365.05,8/30/2023,7667.34,-389484433.7,Pinnacle Holdings
INTC,27/02/2018,5996,Sell,9879.86,48847.35,955423.6,4/12/2022,4630.79,-481649555.8,Horizon Equity
MSFT,30/03/2021,8665,Sell,3486.83,68171.16,741656.37,5/12/2015,8924.37,-236959589.5,Pinnacle Holdings
IBM,5/3/2019,4766,Sell,918.48,35954.35,37359.17,9/17/2024,1950.29,-32985992.22,Acme Investments
SNAP,24/04/2022,1423,Buy,8977.06,51999.18,56083.15,11/2/2015,4842.57,-466743675.7,Acme Investments
TSLA,27/04/2020,6797,Sell,6670.4,68091.63,949589.65,11/24/2018,7231.11,-453248819.1,Acme Investments
NFLX,12/5/2020,178,Sell,9886.57,18177.5,273065.14,8/19/2017,7834.06,-179440061,Vista Ventures
CSCO,17/05/2023,1479,Sell,9536.49,63798.64,342755.34,1/8/2020,4058.56,-608072337,Horizon Equity
ORCL,21/03/2020,9457,Sell,895.17,92208.42,761182.25,5/22/2022,7827.82,-81781029.08,Pinnacle Holdings
INTC,26/04/2018,8591,Buy,9935.47,14254.11,193629.21,3/28/2019,4930.07,-141427653.1,Pinnacle Holdings
TSLA,5/5/2020,3428,Buy,9478.84,39772.94,658597.07,5/7/2015,8960.35,-376342737.5,Horizon Equity
INTC,22/08/2021,5979,Buy,4737.14,68463.12,384470.97,9/13/2015,8513.34,-323934913.3,Vista Ventures
AMD,21/02/2016,9370,Sell,5375.89,23567.2,102715.51,3/8/2022,1116.66,-126591959.3,Vista Ventures
FB,7/9/2015,5888,Sell,5100.07,43384.8,305610.27,12/16/2015,2601.1,-220959906.7,Vista Ventures
GOOGL,8/12/2020,8399,Sell,3368.8,28755.55,898759.24,10/17/2023,7185.02,-95972937.6,Acme Investments
ORCL,3/1/2021,353,Sell,4926.04,81326.66,205069.25,11/9/2015,3701.08,-400413311,Pinnacle Holdings
TXN,26/09/2018,6409,Buy,6715.09,28458.93,689932.88,4/17/2022,6498.72,-190414343.4,Acme Investments
SNAP,7/2/2021,7388,Sell,7042.99,63077.34,800040.8,9/16/2015,2319.12,-443453034,Horizon Equity
TXN,22/12/2019,7881,Sell,3324.16,39096.97,10773.2,12/9/2021,796.46,-129953810.6,Acme Investments
AVGO,20/06/2024,6395,Buy,139.38,24028.37,127852.32,5/18/2016,1431.34,-3221221.891,Acme Investments
ORCL,28/11/2020,7308,Sell,2179.07,91516.12,432010.11,9/7/2021,9825.87,-198988021.5,Pinnacle Holdings
INTC,14/01/2023,5388,Sell,7773.19,42675.61,44320.47,2/24/2021,678.37,-331681304.4,Vista Ventures
TXN,9/5/2015,2799,Buy,1739.05,26882.63,233258.36,12/1/2022,9127.36,-46516979.34,Summit Capital
AMD,6/12/2015,4319,Buy,1786.5,27459.23,66145.75,6/8/2015,7817.09,-48989768.65,Acme Investments
AAPL,17/05/2022,7474,Buy,6521.63,69901.4,699125.71,1/8/2020,1638.79,-455171941.6,Vista Ventures
AVGO,12/2/2020,1260,Sell,3539.52,1135.58,508996.46,1/28/2024,2715.21,-3510411.662,Horizon Equity
AMZN,18/07/2023,4026,Buy,8362.77,59152.52,826657.15,1/13/2019,9335.39,-493852262.5,Horizon Equity
SNAP,19/06/2016,9978,Sell,4747.59,954.76,438284.26,6/1/2019,272.85,-4094524.768,Vista Ventures
MU,3/12/2022,2973,Buy,4880.77,95142.68,154358.9,3/1/2018,6164.88,-464215179.4,Summit Capital
INTC,18/07/2015,6821,Buy,8752.26,40965.31,494217.96,2/24/2020,8288.67,-358044826.1,Vista Ventures
CRM,11/6/2022,2884,Buy,8951.29,28343.39,639814.77,2/5/2024,6008.35,-253070088.7,Vista Ventures
ADBE,29/11/2020,8199,Buy,8062.19,19098.01,531279,7/4/2019,1110.92,-153440506.2,Vista Ventures
MSFT,3/6/2020,3757,Buy,7650.81,83268.58,396733.82,6/17/2018,4508.66,-636675350.7,Horizon Equity
MSFT,16/09/2019,8544,Sell,9092.65,9689.14,943608.48,11/2/2017,3901.68,-87156350.34,Pinnacle Holdings
TXN,3/7/2024,6324,Buy,6067.51,10575.39,408645.36,11/1/2021,8482.98,-63757639.22,Pinnacle Holdings
SNAP,7/2/2024,6940,Buy,318.1,64174.76,659758.37,4/15/2017,1849.71,-19754232.79,Pinnacle Holdings
GOOGL,23/07/2024,7884,Buy,3316.56,12661.95,768922.92,3/13/2017,7866.54,-41225193.97,Vista Ventures
MU,23/02/2021,2846,Buy,2409.15,43351.82,18642.84,4/9/2023,8574.94,-104422394.3,Summit Capital
QCOM,18/04/2015,9625,Buy,6105.39,66073.95,743429.4,1/13/2021,431.39,-402663804.2,Acme Investments
IBM,18/07/2019,2056,Sell,7969.97,12881.77,475523.77,7/14/2023,5793.15,-102191796.7,Summit Capital
FB,5/3/2015,728,Buy,2722.54,31845.43,82095.02,10/5/2020,5177.53,-86618361.97,Summit Capital
IBM,3/7/2018,7092,Buy,4291.37,94468.39,580647.42,4/27/2016,1569.21,-404818167.4,Acme Investments
QCOM,8/8/2018,2070,Buy,3884.39,58854.88,502552.26,2/16/2024,7153.03,-228112755.1,Pinnacle Holdings
CSCO,26/05/2017,6467,Sell,7426.15,51108.27,678437.57,5/13/2024,849.65,-378859241.7,Pinnacle Holdings
MU,23/02/2024,2033,Buy,6807.82,55463.55,935003.61,7/21/2019,6741.26,-376650861.4,Summit Capital
IBM,27/02/2023,449,Sell,2389.04,94716.87,142809.42,9/7/2023,2309.7,-226139581.7,Vista Ventures
NFLX,29/04/2019,9482,Buy,9800.96,98311.55,240168.57,6/29/2017,1426.37,-963307400.5,Pinnacle Holdings
GOOGL,24/03/2020,2455,Sell,6933.8,38750.01,227004.31,9/23/2015,8681.87,-268457815,Horizon Equity
ORCL,17/12/2018,8603,Sell,8210.88,17450.42,153928.61,4/12/2017,9755.81,-143129376,Pinnacle Holdings
AMD,7/12/2021,8776,Sell,5761.16,18478.17,335729.18,5/27/2017,8244.46,-106119964.7,Summit Capital
MU,24/11/2024,8005,Sell,3822.22,46113.23,314112.15,9/29/2015,6018.49,-175940797.8,Summit Capital
PYPL,1/8/2024,1166,Sell,8942.96,92347.52,409105.65,5/13/2021,6079.65,-825451071.8,Pinnacle Holdings
NFLX,12/9/2020,4074,Sell,6527.35,34541.19,600314.5,5/23/2017,5077.44,-224862122,Pinnacle Holdings
ADBE,3/7/2019,7314,Sell,8105.17,13116.84,611233.35,5/10/2020,2571.36,-105702984.7,Vista Ventures
IBM,11/2/2024,9663,Sell,1054.99,42653.25,192329.83,12/5/2018,2810.8,-44806422.39,Summit Capital
TSLA,21/11/2019,21,Buy,8314.07,18087.73,473310.34,6/15/2015,5644.71,-149909343,Acme Investments
NVDA,7/9/2015,8104,Sell,5726.76,21048,121494.11,2/16/2015,8685.42,-120415350.4,Pinnacle Holdings
TXN,20/01/2019,783,Sell,2816.35,369.16,341367.75,2/1/2016,2995.37,-698316.016,Summit Capital
CRM,16/01/2020,2437,Sell,6647.85,65638.31,321005.54,1/11/2024,5579.56,-436032633.6,Vista Ventures
NVDA,24/04/2023,7849,Buy,9998.85,43624.26,758732.62,1/27/2019,564.94,-435433699.5,Vista Ventures
ORCL,22/08/2023,5289,Buy,6745.62,5683.16,827129.98,5/11/2023,5292.22,-37509307.78,Vista Ventures
CRM,26/06/2024,3092,Sell,1134.16,95900.3,807327.07,12/5/2016,5255.89,-107958957.2,Pinnacle Holdings
ORCL,17/02/2022,6137,Sell,6458.24,18756.36,455071.4,6/2/2017,9383.94,-120678003,Vista Ventures
NVDA,25/10/2022,1171,Buy,1907.33,99313.18,35269.91,8/16/2017,8354.53,-189387737.7,Summit Capital
TSLA,19/03/2016,6805,Buy,2532.44,96888.59,788737.96,5/5/2018,6198.47,-244575802.9,Vista Ventures
AMD,6/7/2022,4853,Sell,405.66,35983.06,412319.04,9/1/2024,320.12,-14184569.08,Vista Ventures
ADBE,6/3/2019,6190,Buy,2385.88,82157.16,15212.97,1/7/2019,2598.98,-196001911.9,Acme Investments
ADBE,9/6/2017,7618,Sell,8442.91,76675.78,561812.35,12/16/2023,8651.26,-646804897.4,Pinnacle Holdings
IBM,28/10/2022,3823,Sell,1633.09,31520.54,70402.33,3/22/2022,4878.41,-51405476.34,Summit Capital
SNAP,30/06/2018,2130,Sell,8030.09,66870.26,711234.2,3/8/2024,1400.14,-536262971.9,Summit Capital
GOOGL,11/12/2017,7158,Buy,5902.26,54783.71,974252.28,4/7/2018,4496.91,-322373447.9,Horizon Equity
AVGO,11/7/2016,5350,Sell,8045.49,50685.07,472653.33,4/29/2021,2849.23,-407313570.5,Vista Ventures
AVGO,23/04/2016,2751,Buy,6504.81,38103.13,243678.09,5/25/2016,9322.35,-247609943,Acme Investments
ADBE,9/4/2017,9494,Sell,5658.59,95678.81,569715.84,10/7/2017,5658.79,-540837441.6,Summit Capital
CSCO,13/09/2018,4979,Sell,5612.71,12575.8,925450.56,2/14/2023,144.59,-69658867.86,Pinnacle Holdings
NFLX,29/11/2019,2479,Sell,1313,48305.17,617413.38,10/18/2024,600.58,-62807274.83,Pinnacle Holdings
IBM,23/05/2020,4075,Sell,8993.05,76158.06,807463.38,9/22/2016,9543.92,-684085778.1,Horizon Equity
ADBE,22/01/2017,5802,Sell,9332.64,49961.89,545646.21,12/24/2023,9924.23,-465730686.9,Pinnacle Holdings
INTC,26/09/2020,9975,Buy,3421.6,89459.11,976061.76,9/9/2015,5209.16,-305117229,Pinnacle Holdings
CSCO,11/7/2016,9649,Buy,7990.02,59489.09,928043.77,4/27/2023,6726.24,-474390975.1,Vista Ventures
AMD,13/02/2021,951,Buy,5496.68,95012.99,250305.58,7/23/2022,5736.67,-522005696.3,Vista Ventures
AAPL,20/04/2019,4274,Sell,5555.61,69220.47,39091.53,11/24/2015,4562.3,-384522843.8,Vista Ventures
CSCO,20/12/2018,3336,Sell,8880.78,44552.21,590188.75,1/22/2019,5657.78,-395068186.8,Vista Ventures
AAPL,5/7/2017,5688,Sell,5258.94,69765.94,772077.39,6/23/2017,9005.16,-366122815.1,Acme Investments
INTC,11/9/2022,9278,Buy,8725.39,9356.4,462759.32,3/6/2020,7980.22,-81175479.68,Acme Investments
SNAP,15/09/2016,6851,Sell,5378.55,54811.43,100859.66,1/22/2022,3907.09,-294705157.2,Acme Investments
FB,24/07/2022,8893,Sell,1956.2,64799.98,70040.94,2/13/2019,751.09,-126691679.9,Acme Investments
PYPL,19/07/2024,8712,Sell,9275.53,5117.78,860768.5,1/29/2020,1823.98,-46609353.42,Summit Capital
QCOM,5/6/2022,9841,Sell,4967.01,38522.79,163096.89,8/30/2015,8220.43,-191179986.3,Vista Ventures
CRM,1/4/2016,7104,Buy,3907.24,7450.9,262496.21,12/31/2020,9640.92,-28849958.31,Horizon Equity
INTC,11/2/2021,6568,Sell,4358.81,51556.1,849499.81,10/16/2021,4132.28,-223873744.4,Summit Capital
AAPL,16/08/2017,3199,Buy,5647.36,84279,274469.65,11/8/2018,9086.82,-475679383.8,Vista Ventures
NFLX,10/3/2020,9269,Sell,1644.28,3372.46,950874.07,5/11/2022,3409.43,-4594394.459,Vista Ventures
SNAP,2/9/2023,6336,Sell,9607.86,15529.25,923148.3,5/23/2024,2671.67,-148279711.6,Summit Capital
ORCL,18/04/2020,9390,Sell,8659.25,48954.12,161559.48,10/14/2021,8939.58,-423744404.1,Vista Ventures
CRM,17/09/2020,2089,Buy,5274.87,5521.17,61739.37,11/4/2016,4693.62,-29061714.63,Vista Ventures
TSLA,13/05/2018,1137,Buy,6671.62,64488.85,923702.4,11/20/2017,9516.67,-429321399,Pinnacle Holdings
SNAP,25/02/2022,5065,Buy,1088.37,61603.89,131466.79,5/22/2021,6608.02,-66916358.97,Horizon Equity
CSCO,26/11/2017,3551,Sell,8458.52,80809.4,256354.43,3/10/2017,7573.89,-683271571.7,Horizon Equity
AAPL,8/12/2021,963,Buy,4448.04,81579.63,637584.89,6/26/2022,7353.76,-362231872.5,Vista Ventures
TSLA,13/06/2024,4750,Buy,4205.9,42321.01,704217.05,2/18/2017,3358.66,-177293718.9,Horizon Equity
QCOM,3/2/2023,3570,Sell,2027.91,20015.04,730278.99,10/2/2024,7555.2,-39858420.78,Acme Investments
FB,26/09/2016,7423,Buy,9896.96,17160.48,716189.65,6/18/2023,3948.7,-169120394.5,Acme Investments
PYPL,30/08/2017,1176,Buy,5869.24,90631.28,427801.94,6/8/2021,4200.95,-531508931.9,Summit Capital
GOOGL,19/02/2018,3612,Sell,1850.78,65211.35,844609.16,5/20/2018,720.17,-119847253.2,Summit Capital
AVGO,11/8/2018,5337,Sell,7947.85,15793.56,881941.65,2/11/2019,5244.56,-124642904.2,Horizon Equity
INTC,24/06/2024,3939,Buy,2488.64,61943.32,381955.42,5/4/2015,6893.37,-153772668.5,Vista Ventures
CRM,2/4/2016,7207,Buy,7236.1,1869.63,568277.85,10/9/2019,6773.64,-12960551.79,Horizon Equity
CSCO,8/1/2023,4823,Sell,9434.97,35309.62,704158.95,5/29/2015,4501.78,-332441046.5,Pinnacle Holdings
AAPL,17/05/2018,3954,Buy,4423.8,15442.64,183844.84,8/9/2016,6608.08,-68131305.99,Pinnacle Holdings
INTC,12/2/2019,1318,Sell,3017.17,30326.83,550787.97,10/18/2016,4343.63,-90950413.7,Horizon Equity
AMZN,21/03/2019,7657,Buy,1391.15,84784.45,428384.15,2/17/2022,5456.16,-117519503.5,Acme Investments
MSFT,5/10/2017,365,Sell,5548.24,53820.36,768389.46,9/29/2022,5085.12,-297839884.7,Summit Capital
QCOM,13/09/2019,7163,Sell,8927.36,59858.53,616239.72,2/20/2017,2686.26,-533762406.7,Horizon Equity
AAPL,24/05/2015,8425,Buy,6670.65,94441.29,123232.38,1/14/2019,1531.51,-629861558.8,Vista Ventures
SNAP,12/7/2019,365,Sell,7307.72,62290.67,631203.57,5/8/2016,6245.43,-454571571.4,Summit Capital
ADBE,11/6/2019,808,Buy,7077.08,42104.89,824770.8,7/19/2016,6860.34,-297154904.1,Vista Ventures
AMD,30/12/2019,125,Buy,4618.81,71963.8,236765.55,2/12/2024,9914.71,-332150353.5,Vista Ventures
AAPL,20/12/2017,8967,Sell,6707.48,77578.07,371035.54,7/1/2023,9198.37,-519982317.4,Pinnacle Holdings
ORCL,12/6/2018,3038,Sell,7793.12,56013.21,725556.7,7/23/2020,947.09,-435792110.4,Acme Investments
CRM,18/03/2017,4338,Buy,7232.91,97948.62,5391.52,9/7/2018,640.98,-708448161.6,Summit Capital
NFLX,16/07/2016,1944,Buy,1763.08,57070.52,110930.98,2/29/2016,1465.86,-100508961.4,Acme Investments
INTC,11/8/2017,7242,Buy,6341.75,92368.18,170273.23,9/5/2015,6400.26,-585605632.3,Summit Capital
SNAP,11/7/2017,9030,Sell,4022.56,78720.68,552078.49,9/2/2023,4779.21,-316106580.1,Summit Capital
CRM,13/02/2021,7087,Buy,3519.11,8202.57,586654.24,9/8/2022,2125.3,-28279091.87,Horizon Equity
CSCO,6/12/2022,9039,Sell,5413.39,81863.21,895978.9,11/7/2017,6016.69,-442261503.5,Summit Capital
AMD,22/10/2019,696,Buy,1527.07,81525.08,739703.24,9/12/2015,7351.64,-123754800.7,Vista Ventures
ADBE,28/02/2023,9762,Sell,6978.8,89451.63,732972.55,7/11/2019,9819.45,-623532062.9,Vista Ventures
GOOGL,19/06/2016,1471,Sell,3136.03,70869.44,392617.27,2/1/2024,2015.77,-221856072.7,Acme Investments
ADBE,30/01/2017,636,Buy,8596.19,82481.92,218992.58,11/30/2022,8435.59,-708811263.3,Summit Capital
AVGO,12/9/2022,9849,Sell,6632.76,63360.26,701798.58,12/29/2015,6090.24,-419551599.5,Summit Capital
MSFT,28/12/2020,4262,Sell,9073.64,9183.76,738019.99,9/19/2016,2508.07,-82592112.1,Summit Capital
AMD,23/06/2017,4969,Buy,3358.18,42190.91,359375.81,11/13/2021,8235.21,-141325294.3,Vista Ventures
AMD,23/11/2015,2675,Buy,9283.4,24128.23,917202.4,12/3/2023,8671.5,-223074808,Pinnacle Holdings
FB,25/03/2016,2069,Buy,7313.23,16014.39,467039.38,10/23/2019,4505.55,-116649878,Summit Capital
SNAP,2/3/2016,7666,Sell,9902.16,75927.07,52376.1,1/26/2019,8354.8,-751789619.4,Horizon Equity
GOOGL,2/4/2024,9348,Sell,172.15,16701.63,647222.01,11/6/2018,8019.98,-2227963.595,Acme Investments
FB,27/01/2021,9447,Buy,999.81,32804.23,181640.03,2/3/2020,8976.35,-32616357.17,Summit Capital
INTC,20/09/2018,6345,Sell,6793.18,29773.96,329410.48,10/23/2022,1054.35,-201930459.1,Acme Investments
MU,8/12/2017,3195,Sell,7447.59,67719.04,805381.91,1/22/2019,7994.33,-503538263.2,Horizon Equity
NVDA,20/09/2017,3573,Buy,2874.71,52803.15,616217.28,11/3/2017,2469.12,-151177526.1,Vista Ventures
NVDA,28/04/2017,228,Sell,7128.89,47865.93,949705.7,12/28/2015,8580.14,-340281244,Summit Capital
AAPL,7/5/2020,9720,Sell,872.98,64318.57,26955.23,6/29/2024,1875.97,-56121870.01,Acme Investments
MU,25/03/2019,1186,Sell,4684.46,73337.32,825797.19,5/12/2019,1548.16,-342719944.9,Summit Capital
CRM,16/09/2019,3864,Sell,7103.4,22349.87,623691.5,9/9/2017,2844.29,-158136375.1,Vista Ventures
TSLA,22/12/2019,8825,Buy,848,62868.4,493332.62,6/2/2019,3960.02,-52819070.58,Vista Ventures
CSCO,17/11/2016,3263,Buy,7157.58,76992.89,363947.57,1/21/2015,4081.21,-550718822,Vista Ventures
ORCL,14/03/2016,5380,Sell,16.08,66580.3,147406.49,12/30/2024,9075.05,-923204.734,Pinnacle Holdings
CSCO,10/1/2022,2728,Buy,2842.84,34212.08,280027.15,6/17/2018,9936.81,-96979442.36,Acme Investments
CSCO,1/2/2019,2118,Buy,3297.52,68545.38,585057.92,1/11/2024,1250.91,-225444703.5,Summit Capital
ADBE,21/11/2020,2391,Buy,1793.23,51517.22,411097.31,12/15/2023,9781.31,-91971127.11,Horizon Equity
CSCO,8/11/2024,6574,Buy,5070.6,39040.62,358732.58,11/6/2016,3259.45,-197600635.2,Pinnacle Holdings
SNAP,24/06/2019,119,Buy,2698.16,98693.62,391735.91,9/24/2022,4953.23,-265899441.8,Summit Capital
INTC,5/5/2019,2503,Buy,5114.35,91221.4,963614.11,11/25/2016,6760.96,-465574553,Pinnacle Holdings
CRM,11/3/2020,8479,Sell,4742.76,75939.71,773410.47,3/25/2021,5137.83,-359390408.5,Vista Ventures
NFLX,1/7/2017,2929,Sell,9791.64,2827.09,318588.65,1/23/2024,1853.42,-27363258.88,Horizon Equity
INTC,15/06/2023,4411,Buy,1225.75,65720.43,315700.96,11/21/2017,9276.59,-80241116.11,Vista Ventures
FB,27/08/2021,4817,Buy,8074.39,71746.2,409955.57,12/22/2015,3112.4,-578896844.2,Horizon Equity
QCOM,21/04/2024,6374,Buy,728.82,25888.77,182147.05,8/19/2020,9468.75,-18686106.3,Summit Capital
NVDA,27/07/2024,4906,Sell,8407.78,49693.42,377468.07,12/15/2022,695.58,-417433874.7,Acme Investments
AMZN,2/3/2020,1685,Sell,4400.65,9745.78,294337.81,3/8/2015,6139.22,-42593428.95,Summit Capital
NFLX,3/2/2024,935,Sell,1168.14,75196.51,470372.22,7/2/2024,2661.82,-87369678.97,Vista Ventures
ORCL,5/9/2017,2671,Buy,6161.71,59625.87,321654.61,3/25/2019,395.26,-367075664.8,Summit Capital
QCOM,1/5/2024,3641,Sell,9600.52,88062.46,514859.02,9/15/2023,7388.55,-844930549.5,Vista Ventures
CSCO,17/09/2020,7019,Sell,9404.56,5883.95,735324.19,9/24/2021,4096.72,-54600636.62,Acme Investments
AMZN,18/06/2019,212,Buy,3488.95,56269.91,378746.79,1/7/2016,8583.75,-195944155.7,Acme Investments
ORCL,6/6/2022,1212,Sell,1329.94,14121.01,717987.56,12/2/2021,3450.56,-18062108.48,Summit Capital
FB,24/09/2016,746,Buy,3043.88,8999.96,287789.74,11/30/2015,130.72,-27107008.5,Summit Capital
ADBE,5/9/2020,7442,Buy,1280.77,40897.44,639472.7,12/22/2018,1109.59,-51740741.53,Acme Investments
GOOGL,24/01/2022,227,Buy,693.01,22106.05,527348.19,9/18/2024,2484.83,-14792365.52,Horizon Equity
MU,8/8/2017,5323,Sell,3280.94,39851.81,315973.58,2/28/2023,9062.36,-130435423.9,Vista Ventures
CRM,18/08/2021,7727,Sell,4487.62,54478.29,867850.08,10/30/2015,961.36,-243610013.7,Vista Ventures
NFLX,15/11/2019,9017,Buy,7629.62,88126.49,291258.63,9/26/2022,6859.03,-672080372,Vista Ventures
NFLX,10/1/2020,1949,Buy,1501.31,90266.61,659969.03,8/2/2017,327.41,-134858195.2,Pinnacle Holdings
TSLA,27/02/2019,2093,Buy,7498.6,3472.83,895652.82,1/19/2018,3228.79,-25145710.22,Summit Capital
QCOM,21/08/2018,3546,Sell,3154.39,42016.27,756967.76,6/9/2016,8342.62,-131778734.2,Pinnacle Holdings
CRM,21/04/2020,2384,Buy,7685.97,20843.38,497389.19,11/24/2022,6112.89,-159704204.2,Vista Ventures
INTC,25/05/2022,7695,Sell,4901.7,37367.58,66733,3/9/2021,7543.63,-183097933.9,Pinnacle Holdings
NFLX,3/9/2020,5918,Buy,7320.07,71600.03,898646.46,2/25/2024,7502.43,-523218585.1,Summit Capital
TSLA,28/05/2016,4827,Sell,6193.81,16330.17,575700.04,11/5/2023,5495.6,-100570270.2,Pinnacle Holdings
GOOGL,28/01/2020,3960,Sell,2063.71,56122.67,413134.87,1/27/2015,8634.59,-115407780.4,Acme Investments
AAPL,30/12/2018,8696,Buy,9030.5,3979.82,661079.65,11/24/2022,5396.97,-35278684.86,Acme Investments
GOOGL,5/1/2024,406,Buy,8603.56,23751.22,271171.78,12/1/2020,9922.43,-204073874.6,Pinnacle Holdings
AVGO,8/6/2018,8619,Sell,2012.75,15765.76,726525.53,4/4/2016,526.49,-31006007.91,Vista Ventures
AMD,20/05/2018,1113,Sell,3379.02,83010.63,858911.62,1/4/2018,6568.08,-279635667.4,Acme Investments
FB,8/1/2021,1911,Sell,6553.99,79464.11,883590.55,11/29/2024,5216.61,-519923391.7,Pinnacle Holdings
ADBE,30/03/2018,8369,Sell,7634.91,75736.85,137197.65,4/16/2017,8000.75,-578106835.8,Acme Investments
FB,19/04/2015,7997,Sell,1997.62,33935.46,119090.73,8/23/2016,58,-67671062.88,Acme Investments
AMD,13/12/2018,9120,Sell,9033.9,65435.86,654981.82,8/25/2015,229.06,-590486033.8,Vista Ventures
AMZN,2/1/2023,9961,Buy,9534.74,87311.46,118579.97,12/17/2015,5123.6,-832373490.2,Acme Investments
ADBE,23/05/2022,6345,Buy,9813.07,69547.99,252157.2,1/11/2020,6497.81,-682227137,Horizon Equity
TSLA,14/12/2019,7587,Buy,3260.1,34476.08,89523.42,6/11/2019,6125.51,-112305945,Summit Capital
NFLX,27/08/2023,4247,Buy,4685.3,60969.59,498662.34,4/27/2018,5209.82,-285162157.7,Horizon Equity
QCOM,18/02/2016,3827,Buy,875.21,8419.58,202928.77,9/25/2016,2927.54,-7165971.842,Horizon Equity
AAPL,9/12/2017,4958,Buy,4861.03,5227,948951.33,11/2/2022,6907.21,-24459652.48,Vista Ventures
MU,22/02/2023,5784,Buy,699.47,84131.57,687235.75,8/17/2023,5219.54,-58160273.52,Horizon Equity
IBM,28/09/2023,2426,Buy,7661.88,89947.37,831767.8,3/30/2021,1852.03,-688334187.5,Pinnacle Holdings
AMD,14/11/2021,2088,Buy,2219.11,83678.46,550233.11,5/24/2017,8945.66,-185141474.3,Pinnacle Holdings
SNAP,23/11/2022,545,Sell,7836.56,48011.01,363388.37,7/5/2023,115.06,-375877772.2,Acme Investments
AVGO,23/05/2021,1112,Sell,4.11,43300.74,305307.51,3/29/2024,298.42,127341.4686,Horizon Equity
NFLX,22/11/2022,1811,Buy,201.5,96557.85,348290.05,6/8/2024,585.82,-19108116.73,Summit Capital
AMD,4/11/2018,6412,Buy,1231.01,86360.14,599907.73,3/22/2015,6412.96,-105710288.2,Vista Ventures
NVDA,1/3/2022,6504,Buy,7063.55,79919.76,176007.87,2/16/2018,7608.6,-564341212.9,Pinnacle Holdings
AVGO,27/01/2018,4097,Sell,498.39,99115.01,897922.53,2/8/2018,5760.92,-48500007.3,Pinnacle Holdings
PYPL,3/4/2024,212,Buy,966.38,19713.31,133649.88,2/22/2017,7809.99,-18916898.64,Acme Investments
MU,28/08/2024,8251,Buy,3009.83,24204.24,544128.24,9/17/2016,189.36,-72306519.44,Horizon Equity
CSCO,12/2/2024,415,Sell,68.13,93658.53,382569.49,12/11/2024,1963.35,-5998386.159,Acme Investments
AAPL,5/7/2017,222,Sell,79.51,36288.7,831970.76,11/20/2018,1733.68,-2053343.777,Horizon Equity
ORCL,7/10/2024,9968,Buy,9917.81,66485.56,767113.93,12/26/2020,6405.64,-658624037.9,Pinnacle Holdings
MSFT,16/05/2023,3269,Sell,1456.62,93532.36,439067.12,2/3/2020,5825.47,-135802039.1,Vista Ventures
FB,30/05/2017,3121,Buy,8601.04,15003.45,340953.93,9/12/2017,8916.8,-128704319.7,Vista Ventures
TSLA,26/08/2022,9880,Sell,259.16,45891.39,101870.88,6/2/2021,9671.95,-11791341.75,Summit Capital
GOOGL,27/09/2018,9163,Buy,3265.02,45889.35,14577.14,2/16/2024,7487,-149815068.4,Acme Investments
ORCL,29/11/2022,1074,Sell,5188.48,93326.42,523764.52,2/26/2018,6728.31,-483698499.1,Vista Ventures
GOOGL,23/12/2021,8136,Buy,6239.86,74438.21,416994.22,12/4/2015,937.82,-464067014.8,Horizon Equity
NVDA,11/12/2022,6238,Buy,4261.35,94420.6,765247.42,8/20/2024,6826.49,-401593976.4,Vista Ventures
AMD,28/01/2022,3101,Buy,8716.2,27058.27,662995.76,10/11/2021,5517.21,-235182297.2,Summit Capital
AAPL,29/10/2022,2948,Buy,5126.77,30423.9,364331.75,10/7/2020,1634.02,-155612006.1,Summit Capital
NFLX,18/12/2024,9350,Sell,166.84,29765.63,811122.61,2/13/2015,1312.39,-4154975.099,Pinnacle Holdings
NVDA,11/4/2020,9077,Sell,5222.73,15051.5,780165.61,12/3/2016,5318.28,-77829754.99,Pinnacle Holdings
CSCO,23/10/2021,220,Sell,623.15,74055,488678.52,1/1/2019,1245.74,-45658694.73,Summit Capital
AMZN,20/06/2022,9117,Sell,582.34,89263.61,733966.86,3/29/2015,7044.44,-51247803.79,Vista Ventures
GOOGL,22/02/2023,4967,Sell,5345,42694.7,608642.27,4/30/2023,8929.72,-227594529.2,Acme Investments
NVDA,4/3/2016,8802,Buy,621.86,73736.52,762839.52,8/19/2022,4451.42,-45090952.81,Pinnacle Holdings
NVDA,20/01/2020,8104,Sell,6310.17,36309.95,523561.96,9/9/2017,902.19,-228598395.2,Horizon Equity
TSLA,30/09/2016,9062,Buy,1763.58,83495.24,322814.23,5/27/2018,1233.91,-146927721.1,Summit Capital
MU,9/7/2022,5975,Buy,7010.45,49269.27,756280.75,11/26/2024,6505.66,-344643473.1,Summit Capital
INTC,29/06/2024,6264,Sell,3235.41,34236.74,859140.06,11/17/2021,6358.41,-109910750.9,Summit Capital
AMZN,18/02/2018,8947,Buy,9481.24,35516.58,150800.42,12/14/2024,3180.66,-336590418.5,Vista Ventures
AMZN,1/12/2019,2283,Sell,1007.53,56712.3,813070.95,6/28/2019,6358.96,-56326272.67,Summit Capital
AMD,30/08/2019,3951,Buy,2220.5,94138.48,331272.71,11/3/2023,9119.67,-208703222.1,Horizon Equity
INTC,10/3/2016,2562,Sell,9273.26,70336,182859.4,8/15/2019,7850.51,-652061156,Summit Capital
AMZN,1/6/2022,2661,Sell,7139.91,71353.03,80465.48,6/28/2016,9139.53,-509373746.9,Horizon Equity
ORCL,24/11/2018,776,Sell,8409.81,89791,533275.45,2/25/2018,3301.2,-754591974.3,Horizon Equity
TSLA,3/4/2016,7285,Buy,5501.93,5351.38,31648.95,1/6/2016,9945.12,-29411269.21,Acme Investments
ADBE,20/03/2022,4506,Sell,249.69,81208.76,837686.89,7/7/2016,5814.76,-19439328.39,Acme Investments
TXN,1/11/2020,2274,Buy,7833.91,60482.88,380770.95,8/6/2021,2312.12,-473436667.5,Vista Ventures
AAPL,26/12/2020,1619,Buy,4711.35,61817.46,197211.71,8/3/2016,2935.2,-291046478.5,Pinnacle Holdings
IBM,23/01/2017,9382,Buy,3913.19,48772.36,282492.7,12/3/2018,4503.22,-190573018.7,Pinnacle Holdings
ORCL,7/7/2020,855,Buy,6187.79,91622.05,276446.36,3/29/2015,1786.86,-566661558.4,Vista Ventures
ORCL,16/10/2015,4812,Buy,8613.88,96065.08,478844.42,11/15/2024,1101.85,-827014226.9,Vista Ventures
TSLA,20/12/2024,7172,Buy,8246.38,36438.37,89321.95,1/23/2022,9163.73,-300395323.7,Acme Investments
MSFT,14/12/2020,8701,Sell,4686.13,12817.24,885076.71,9/4/2015,1452.66,-59178176.17,Pinnacle Holdings
GOOGL,31/03/2022,5392,Buy,9194.33,25941.26,83673.11,11/6/2019,2111.23,-238428831.9,Horizon Equity
PYPL,4/10/2016,4415,Buy,1195.19,38331.49,925927.75,2/2/2024,9797.69,-44887485.78,Vista Ventures
TSLA,8/2/2016,3126,Buy,919.68,272.57,546518.59,10/4/2023,8887.4,295841.4124,Horizon Equity
CRM,17/10/2022,3295,Buy,3213.49,8445.73,50304.42,5/24/2023,4068.64,-27089964.48,Acme Investments
AMZN,29/11/2023,7713,Buy,7661.04,70391.15,45475.68,2/16/2018,8063.36,-539223940.1,Acme Investments
INTC,9/8/2024,7254,Sell,491.69,95908.79,260713.05,3/27/2023,8396.92,-46896679.91,Acme Investments
AMD,27/02/2021,1439,Buy,2760.58,91789.29,414472.36,2/26/2019,7507.74,-252977205.8,Summit Capital
AMZN,5/6/2024,7150,Buy,7057.97,97440.39,82950.64,7/5/2022,4272.75,-687648398.8,Pinnacle Holdings
AMZN,4/4/2017,3429,Buy,5301.07,63970.38,68404.43,3/4/2023,87.01,-339043057.9,Horizon Equity
CRM,18/01/2022,3157,Buy,7361.12,3339.56,268215.03,8/29/2023,5462.61,-24314686.88,Horizon Equity
INTC,22/03/2015,1269,Buy,1872.04,42361.93,843259.02,2/21/2015,4693.89,-78459968.42,Acme Investments
TXN,28/03/2022,9499,Buy,7816.98,17371.29,586986.81,12/26/2021,1457.02,-135204039.7,Acme Investments
AVGO,29/05/2023,4909,Sell,4874.29,75278.48,367383.93,6/5/2015,9627.11,-366561758.3,Horizon Equity
AMZN,22/05/2023,6802,Buy,9081.65,31409.12,718776.2,2/8/2021,2307.02,-284527858.4,Pinnacle Holdings
ADBE,14/09/2024,3677,Buy,7092.45,68602.57,517057.96,9/25/2015,1670.67,-486043239.6,Summit Capital
CRM,11/8/2018,3674,Sell,9770.84,58661.47,37896.21,8/27/2017,4303.09,-573133941.3,Summit Capital
TSLA,1/5/2018,983,Sell,2039.57,31280.55,343285.91,5/1/2023,7254.52,-63455585.45,Summit Capital
AAPL,29/12/2024,479,Buy,6897.6,25688.99,934756.83,3/14/2020,1836.39,-176257620.6,Pinnacle Holdings
PYPL,19/01/2019,7011,Buy,2090.93,24887.05,124305.29,10/12/2018,667.29,-51912774.17,Vista Ventures
AVGO,2/4/2017,1397,Sell,342.38,32390.32,177857.77,2/11/2017,5058.12,-10911939.99,Pinnacle Holdings
INTC,7/8/2018,5645,Sell,8680.73,27023.93,734549.53,6/30/2024,9482.77,-233852890.3,Summit Capital
TXN,14/03/2019,592,Sell,3505,92143.75,29560.78,5/30/2024,523.05,-322934283,Vista Ventures
AMZN,4/4/2019,4618,Buy,3886.43,90409.84,889599.72,3/18/2017,8357.92,-350481914.8,Horizon Equity
IBM,27/06/2020,4304,Buy,2850.13,25503.24,611870,11/16/2020,6128.95,-72075679.42,Vista Ventures
CRM,8/10/2020,4580,Sell,9087.75,41180.79,866010.26,4/12/2019,9381.8,-373374714.1,Pinnacle Holdings
PYPL,12/8/2018,3261,Sell,1975.68,39410.87,592933.77,7/5/2022,6524.43,-77270333.87,Pinnacle Holdings
PYPL,25/04/2016,3263,Sell,4706.74,74204.7,153456.24,3/31/2022,5286.23,-349108773.4,Pinnacle Holdings
AMD,5/1/2024,8525,Sell,2960.85,10678.08,829938.04,3/27/2022,7849.31,-30786255.13,Vista Ventures
FB,16/03/2023,9432,Buy,1627.01,44354.38,137451.7,6/29/2015,9522.47,-72027568.1,Acme Investments
TXN,24/07/2022,8144,Sell,8439.05,29078.68,578526.55,7/4/2019,1477.81,-244817907.9,Acme Investments
GOOGL,1/5/2017,97,Buy,5263.09,88792.89,599939.44,6/15/2015,7557.98,-466725032,Vista Ventures
TSLA,15/10/2019,5353,Buy,6088.88,4574.09,719537.71,1/29/2021,1441.91,-27131547.41,Pinnacle Holdings
INTC,6/5/2021,8520,Buy,8431,88834.44,908143.5,9/25/2020,2311.58,-748055020.1,Pinnacle Holdings
FB,13/11/2024,2302,Sell,7870.31,41325.34,967500.45,6/24/2024,6169.66,-324275736.2,Horizon Equity
AVGO,15/12/2019,3472,Buy,365.72,17984.96,445426.03,1/9/2017,4699.4,-6132033.541,Summit Capital
IBM,22/05/2021,6225,Sell,8033.93,54561.47,426436.11,10/14/2024,2666.84,-437916594.6,Horizon Equity
GOOGL,7/12/2020,1560,Buy,848.41,888.96,383524.6,4/26/2023,5300.35,-370677.9536,Horizon Equity
GOOGL,8/12/2016,2018,Sell,2800.02,10091.86,915592.17,3/8/2015,5683.51,-27341817.67,Summit Capital
MU,2/10/2023,6778,Sell,563.72,68774.72,396791.28,12/3/2023,7884.08,-38372893.88,Vista Ventures
CRM,12/1/2022,3161,Sell,7115.33,54015.09,585994.61,5/22/2019,531.33,-383749195.7,Vista Ventures
MSFT,22/11/2017,7969,Buy,2739.5,83066.92,970876.36,9/3/2022,1515.13,-226590951,Summit Capital
AAPL,12/1/2020,5474,Buy,1618.46,58406.61,507559.12,11/28/2023,7383.55,-94021202.9,Summit Capital
QCOM,4/8/2018,196,Sell,2332.56,874.34,261132.45,2/1/2021,712.64,-1778318.06,Acme Investments
AMD,23/10/2016,5569,Buy,8422.04,40809.05,733228.86,12/1/2024,9844.91,-342962222.6,Acme Investments
AMD,29/06/2018,6482,Buy,1597.59,54651.6,31405.7,2/10/2018,2876.26,-87279443.94,Horizon Equity
PYPL,29/07/2020,9559,Buy,5663.69,61964.95,195447.25,6/4/2018,1386.69,-350754820.4,Horizon Equity
ORCL,25/08/2016,5592,Buy,3877.18,93413.31,355558.62,9/17/2022,4792.82,-361824658.6,Summit Capital
TXN,23/05/2020,1874,Sell,4972.5,20912.94,52910.73,2/4/2021,2326.09,-103936683.4,Summit Capital
CSCO,15/06/2022,7579,Buy,7107.62,758.07,872177.14,4/1/2024,4691.69,-4515896.353,Summit Capital
FB,30/07/2022,9661,Buy,9464.57,29769.13,683330.53,12/27/2022,8117.06,-281068684.2,Summit Capital
AVGO,24/12/2016,8781,Sell,4045.55,71140.96,620388.65,12/15/2020,1617.4,-287183922.1,Horizon Equity
QCOM,30/04/2016,7986,Buy,5529.62,90627.99,515576.18,11/20/2022,388.3,-500622769.9,Vista Ventures
SNAP,15/06/2022,4198,Buy,3039.87,96364.28,875170.95,9/16/2019,7320.32,-292059712.9,Summit Capital
FB,11/7/2015,3145,Sell,7105.27,99105.14,787739.58,8/4/2020,7452.53,-703381038.5,Acme Investments
MU,1/10/2016,1079,Sell,2768.05,29422.83,388758.35,6/18/2016,891.34,-81055106.23,Pinnacle Holdings
TSLA,19/12/2017,1911,Buy,4700.41,54489.61,315301,9/16/2023,3325.07,-255808206.7,Pinnacle Holdings
NVDA,15/04/2018,7490,Buy,4795.08,91597.06,817551.08,1/8/2022,3356.25,-438397679.4,Acme Investments
SNAP,25/07/2017,7901,Buy,6903.14,71613.95,687869.98,8/28/2022,7936.88,-493673252.8,Horizon Equity
SNAP,19/02/2019,4359,Buy,8942.88,45913.07,894952.04,12/3/2018,8906.39,-409700123.4,Pinnacle Holdings
FB,3/4/2020,6010,Sell,9912.68,74273.01,701704.22,12/31/2015,5943.04,-735542876.5,Summit Capital
ORCL,10/12/2017,3075,Sell,5073.32,11595.93,756600.46,1/19/2020,3321.02,-58073263.13,Pinnacle Holdings
SNAP,15/05/2018,4962,Sell,5271.8,63845.05,497364.2,8/13/2023,6625.44,-336080970.4,Horizon Equity
SNAP,26/10/2019,9362,Sell,9375.56,86717.5,640693.71,4/25/2019,1401.69,-812384430.6,Summit Capital
TSLA,5/8/2021,1646,Sell,7002.41,44334.89,896075.21,7/28/2015,1327.22,-309555001.9,Pinnacle Holdings
AAPL,17/11/2019,7008,Buy,1936.2,47639.47,620596.89,5/26/2015,7586.43,-91618944.92,Vista Ventures
AVGO,22/06/2023,3263,Sell,2087.22,52171.86,761633.01,1/23/2023,1056.17,-108132516.6,Vista Ventures
GOOGL,5/4/2017,286,Buy,6092.22,66836.39,488073.52,2/15/2024,8145.95,-406693918.4,Summit Capital
ADBE,11/2/2020,4887,Sell,1521.73,10926.23,384457.03,11/11/2024,4256.63,-16242314.95,Pinnacle Holdings
CSCO,20/09/2024,1931,Sell,6255.71,34925.82,735975.41,7/15/2021,9117.42,-217749826,Vista Ventures
MU,15/04/2016,685,Buy,9389.66,88107.17,375687.69,6/16/2024,28.6,-826920682.2,Horizon Equity
AMZN,15/02/2019,9153,Sell,3112.54,24626.2,206723.37,8/31/2021,5798.36,-76443309.18,Pinnacle Holdings
AAPL,18/05/2016,5939,Buy,6777.54,67607.39,338314.57,12/30/2022,2195.11,-457873475.5,Pinnacle Holdings
GOOGL,24/10/2019,5997,Buy,6749.72,90657.3,529273.11,12/12/2024,2177.26,-611382117.8,Summit Capital
NFLX,22/02/2018,5108,Sell,986.34,68080.05,68490.08,7/4/2023,7819.46,-67081586.44,Pinnacle Holdings
MSFT,14/07/2019,9032,Sell,8662.06,75766.39,279151.45,1/8/2020,8518.07,-656013864.7,Vista Ventures
IBM,21/05/2023,14,Sell,3808.01,58008.42,811395.87,12/24/2016,6328.17,-220085247.6,Summit Capital
NFLX,4/8/2023,6799,Sell,2738.12,41713.29,274787.23,4/7/2015,2519.79,-113941206.4,Pinnacle Holdings
TXN,6/6/2018,4738,Sell,9247.34,10141.22,476010.18,6/19/2018,4918.35,-93303299.17,Acme Investments
QCOM,22/03/2024,912,Buy,4113.43,89828.09,833386.17,2/18/2017,1448.04,-368668174.1,Pinnacle Holdings
ADBE,20/11/2015,6299,Buy,9078.88,91520.67,499829.32,8/9/2015,1436.18,-830405351.1,Acme Investments
ORCL,13/12/2024,7506,Sell,8543.35,27771.08,479471.62,9/1/2016,5145.82,-236778584.7,Acme Investments
NFLX,9/5/2020,192,Sell,2947.54,79687.56,407833.06,7/4/2022,7846.6,-234474437.5,Acme Investments
CSCO,29/10/2020,2852,Sell,8466.71,89165.05,714267.99,3/1/2024,7594.11,-754220352.5,Acme Investments
GOOGL,19/05/2019,7134,Sell,3845.27,81311.99,123560.16,7/2/2016,3080.85,-312542995.6,Horizon Equity
AMD,10/9/2020,9369,Buy,6375.45,73619.15,528576.97,4/14/2015,5849.76,-468826632.9,Vista Ventures
CRM,4/5/2015,1951,Buy,6173.74,74141.5,542861.58,8/10/2020,9735.08,-457187482.6,Acme Investments
IBM,3/6/2018,2382,Buy,848.85,98103.46,250889.21,2/14/2016,1235.79,-83024232.81,Acme Investments
ADBE,12/7/2019,3929,Buy,1391.51,14241.67,289981.18,3/24/2015,1545.83,-19527445.04,Pinnacle Holdings
TSLA,18/07/2016,8405,Buy,7192.92,50346.56,800370.27,3/22/2019,5435.59,-361338408.1,Summit Capital
AAPL,14/02/2021,9224,Sell,9139.45,25146.48,979887.19,3/27/2023,153.32,-228845109.4,Acme Investments
INTC,27/06/2018,9725,Buy,7075.17,40427.44,60514.35,12/11/2019,3917.71,-285970496.3,Vista Ventures
GOOGL,16/03/2024,4051,Sell,4228.6,88239.89,534762.74,9/4/2023,7593.58,-372596436.1,Acme Investments
AVGO,1/11/2019,7493,Sell,4645.17,57181.07,89834.75,5/3/2022,1472.11,-265525956.2,Pinnacle Holdings
ADBE,18/08/2023,5380,Sell,1391.56,25753.56,229446.48,9/10/2018,5302.04,-35608177.47,Summit Capital
MSFT,13/01/2015,140,Buy,877.5,3057.75,745222.23,12/15/2017,8407.36,-1937953.395,Pinnacle Holdings
AMZN,9/11/2019,3827,Sell,205.07,58233.12,575695.85,5/28/2017,3522.88,-11366170.07,Acme Investments
INTC,15/05/2021,3803,Buy,5187.15,22244.41,592922.41,1/26/2019,7952.8,-114792168.9,Summit Capital
AAPL,9/6/2017,9140,Buy,8893.07,77340.4,39664.9,10/28/2023,6758.09,-687753926.1,Pinnacle Holdings
TSLA,7/11/2016,6658,Sell,5327.56,59932.51,155804.55,3/4/2015,1865.69,-319138238.4,Pinnacle Holdings
AMD,9/3/2018,9112,Sell,9856.22,71231.16,286109.17,11/24/2023,5854.73,-701783874.6,Horizon Equity
MU,23/02/2023,7204,Sell,5241.34,27645.84,71389.01,2/29/2024,9697.29,-144829858,Acme Investments
FB,30/07/2017,1102,Buy,3390.14,2333.49,791874.61,5/4/2019,2867.79,-7118983.179,Summit Capital
PYPL,17/05/2021,605,Sell,5588.16,47555.17,400237.97,5/31/2022,8215.24,-265345660.8,Acme Investments
TSLA,28/01/2016,126,Buy,1893.94,20052.97,809332.79,4/4/2019,4496.34,-37169789.21,Pinnacle Holdings
IBM,15/08/2016,9959,Sell,3713.57,63561.44,87921.82,7/4/2022,1754.99,-235951934.9,Summit Capital
NVDA,1/4/2024,5371,Buy,5682.01,46654.31,119924.29,9/2/2020,1897.71,-264970331.7,Summit Capital
MSFT,29/01/2017,3505,Sell,640.89,54174.5,945482.07,3/22/2022,4212.16,-33774413.24,Pinnacle Holdings
ADBE,25/02/2016,8430,Sell,4417.06,17512.52,978045.98,12/18/2022,294.96,-76375805.61,Summit Capital
